ds_holidays,holiday,ds,country,code,country_official_name,lower_window,upper_window,prior_scale,source
2020-02-24,Día de Carnaval [Carnival's Day],2020-03-02,Argentina,AR,Argentine Republic,-3,3,10,https://github.com/dr-prodigy/python-holidays
2020-02-25,Día de Carnaval [Carnival's Day],2020-03-03,Argentina,AR,Argentine Republic,-3,3,10,https://github.com/dr-prodigy/python-holidays
2020-03-24,Día Nacional de la Memoria por la Verdad y la Justicia [Memory's National Day for the Truth and Justice],2020-03-31,Argentina,AR,Argentine Republic,-3,3,10,https://github.com/dr-prodigy/python-holidays
2020-04-09,Semana Santa (Jueves Santo)  [Holy day (Holy Thursday)],2020-04-16,Argentina,AR,Argentine Republic,-3,3,10,https://github.com/dr-prodigy/python-holidays
2020-04-10,Semana Santa (Viernes Santo)  [Holy day (Holy Friday)],2020-04-17,Argentina,AR,Argentine Republic,-3,3,10,https://github.com/dr-prodigy/python-holidays
2020-04-12,Día de Pascuas [Easter Day],2020-04-19,Argentina,AR,Argentine Republic,-3,3,10,https://github.com/dr-prodigy/python-holidays
2020-04-02,Día del Veterano y de los Caidos en la Guerra de Malvinas [Veterans Day and the Fallen in the Malvinas War],2020-04-09,Argentina,AR,Argentine Republic,-3,3,10,https://github.com/dr-prodigy/python-holidays
2020-05-01,Día del Trabajo [Labour Day],2020-05-08,Argentina,AR,Argentine Republic,-3,3,10,https://github.com/dr-prodigy/python-holidays
2020-05-25,Día de la Revolucion de Mayo [May Revolution Day],2020-06-01,Argentina,AR,Argentine Republic,-3,3,10,https://github.com/dr-prodigy/python-holidays
2020-06-17,Día Pase a la Inmortalidad del General Martín Miguel de Güemes [Day Pass to the Immortality of General Martín Miguel de Güemes],2020-06-24,Argentina,AR,Argentine Republic,-3,3,10,https://github.com/dr-prodigy/python-holidays
2020-06-20,Día Pase a la Inmortalidad del General D. Manuel Belgrano [Day Pass to the Immortality of General D. Manuel Belgrano],2020-06-27,Argentina,AR,Argentine Republic,-3,3,10,https://github.com/dr-prodigy/python-holidays
2020-07-09,Día de la Independencia [Independence Day],2020-07-16,Argentina,AR,Argentine Republic,-3,3,10,https://github.com/dr-prodigy/python-holidays
2020-08-17,Día Pase a la Inmortalidad del General D. José de San Martin [Day Pass to the Immortality of General D. José de San Martin],2020-08-24,Argentina,AR,Argentine Republic,-3,3,10,https://github.com/dr-prodigy/python-holidays
2020-10-12,Día del Respeto a la Diversidad Cultural [Respect for Cultural Diversity Day],2020-10-19,Argentina,AR,Argentine Republic,-3,3,10,https://github.com/dr-prodigy/python-holidays
2020-11-20,Día Nacional de la Soberanía [National Sovereignty Day],2020-11-27,Argentina,AR,Argentine Republic,-3,3,10,https://github.com/dr-prodigy/python-holidays
2020-12-08,La Inmaculada Concepción [Immaculate Conception],2020-12-15,Argentina,AR,Argentine Republic,-3,3,10,https://github.com/dr-prodigy/python-holidays
2020-12-25,Navidad [Christmas],2021-01-01,Argentina,AR,Argentine Republic,-3,3,10,https://github.com/dr-prodigy/python-holidays
2020-04-13,Ostermontag,2020-04-20,Austria,AT,Republic of Austria,-3,3,10,https://github.com/dr-prodigy/python-holidays
2020-05-01,Staatsfeiertag,2020-05-08,Austria,AT,Republic of Austria,-3,3,10,https://github.com/dr-prodigy/python-holidays
2020-05-21,Christi Himmelfahrt,2020-05-28,Austria,AT,Republic of Austria,-3,3,10,https://github.com/dr-prodigy/python-holidays
2020-06-01,Pfingstmontag,2020-06-08,Austria,AT,Republic of Austria,-3,3,10,https://github.com/dr-prodigy/python-holidays
2020-06-11,Fronleichnam,2020-06-18,Austria,AT,Republic of Austria,-3,3,10,https://github.com/dr-prodigy/python-holidays
2020-08-15,Mariä Himmelfahrt,2020-08-22,Austria,AT,Republic of Austria,-3,3,10,https://github.com/dr-prodigy/python-holidays
2020-10-26,Nationalfeiertag,2020-11-02,Austria,AT,Republic of Austria,-3,3,10,https://github.com/dr-prodigy/python-holidays
2020-11-01,Allerheiligen,2020-11-08,Austria,AT,Republic of Austria,-3,3,10,https://github.com/dr-prodigy/python-holidays
2020-12-08,Mariä Empfängnis,2020-12-15,Austria,AT,Republic of Austria,-3,3,10,https://github.com/dr-prodigy/python-holidays
2020-12-25,Christtag,2021-01-01,Austria,AT,Republic of Austria,-3,3,10,https://github.com/dr-prodigy/python-holidays
2020-12-26,Stefanitag,2021-01-02,Austria,AT,Republic of Austria,-3,3,10,https://github.com/dr-prodigy/python-holidays
2020-01-26,Australia Day,2020-02-02,Australia,AU,Australia,-3,3,10,https://github.com/dr-prodigy/python-holidays
2020-01-27,Australia Day (Observed),2020-02-03,Australia,AU,Australia,-3,3,10,https://github.com/dr-prodigy/python-holidays
2020-04-10,Good Friday,2020-04-17,Australia,AU,Australia,-3,3,10,https://github.com/dr-prodigy/python-holidays
2020-04-13,Easter Monday,2020-04-20,Australia,AU,Australia,-3,3,10,https://github.com/dr-prodigy/python-holidays
2020-04-25,Anzac Day,2020-05-02,Australia,AU,Australia,-3,3,10,https://github.com/dr-prodigy/python-holidays
2020-12-25,Christmas Day,2021-01-01,Australia,AU,Australia,-3,3,10,https://github.com/dr-prodigy/python-holidays
2020-12-26,Boxing Day,2021-01-02,Australia,AU,Australia,-3,3,10,https://github.com/dr-prodigy/python-holidays
2020-12-28,Boxing Day (Observed),2021-01-04,Australia,AU,Australia,-3,3,10,https://github.com/dr-prodigy/python-holidays
2020-02-21,Language Martyrs' Day,2020-02-28,Bangladesh,BD,People's Republic of Bangladesh,-3,3,10,https://github.com/dr-prodigy/python-holidays
2020-03-17,Mujib's birthday,2020-03-24,Bangladesh,BD,People's Republic of Bangladesh,-3,3,10,https://github.com/dr-prodigy/python-holidays
2020-03-26,Independence Day,2020-04-02,Bangladesh,BD,People's Republic of Bangladesh,-3,3,10,https://github.com/dr-prodigy/python-holidays
2020-04-14,Bengali New Year's Day,2020-04-21,Bangladesh,BD,People's Republic of Bangladesh,-3,3,10,https://github.com/dr-prodigy/python-holidays
2020-05-01,Labor Day,2020-05-08,Bangladesh,BD,People's Republic of Bangladesh,-3,3,10,https://github.com/dr-prodigy/python-holidays
2020-08-15,National Mourning Day,2020-08-22,Bangladesh,BD,People's Republic of Bangladesh,-3,3,10,https://github.com/dr-prodigy/python-holidays
2020-12-16,Victory Day,2020-12-23,Bangladesh,BD,People's Republic of Bangladesh,-3,3,10,https://github.com/dr-prodigy/python-holidays
2020-04-12,Pasen,2020-04-19,Belgium,BE,Kingdom of Belgium,-3,3,10,https://github.com/dr-prodigy/python-holidays
2020-04-13,Paasmaandag,2020-04-20,Belgium,BE,Kingdom of Belgium,-3,3,10,https://github.com/dr-prodigy/python-holidays
2020-05-21,O.L.H. Hemelvaart,2020-05-28,Belgium,BE,Kingdom of Belgium,-3,3,10,https://github.com/dr-prodigy/python-holidays
2020-05-31,Pinksteren,2020-06-07,Belgium,BE,Kingdom of Belgium,-3,3,10,https://github.com/dr-prodigy/python-holidays
2020-06-01,Pinkstermaandag,2020-06-08,Belgium,BE,Kingdom of Belgium,-3,3,10,https://github.com/dr-prodigy/python-holidays
2020-05-01,Dag van de Arbeid,2020-05-08,Belgium,BE,Kingdom of Belgium,-3,3,10,https://github.com/dr-prodigy/python-holidays
2020-07-21,Nationale feestdag,2020-07-28,Belgium,BE,Kingdom of Belgium,-3,3,10,https://github.com/dr-prodigy/python-holidays
2020-08-15,O.L.V. Hemelvaart,2020-08-22,Belgium,BE,Kingdom of Belgium,-3,3,10,https://github.com/dr-prodigy/python-holidays
2020-11-01,Allerheiligen,2020-11-08,Belgium,BE,Kingdom of Belgium,-3,3,10,https://github.com/dr-prodigy/python-holidays
2020-11-11,Wapenstilstand,2020-11-18,Belgium,BE,Kingdom of Belgium,-3,3,10,https://github.com/dr-prodigy/python-holidays
2020-12-25,Kerstmis,2021-01-01,Belgium,BE,Kingdom of Belgium,-3,3,10,https://github.com/dr-prodigy/python-holidays
2020-03-03,Ден на Освобождението на България от османско иго,2020-03-10,Bulgaria,BG,Republic of Bulgaria,-3,3,10,https://github.com/dr-prodigy/python-holidays
2020-05-01,Ден на труда и на международната работническа солидарност,2020-05-08,Bulgaria,BG,Republic of Bulgaria,-3,3,10,https://github.com/dr-prodigy/python-holidays
2020-05-06,"Гергьовден, Ден на храбростта и Българската армия",2020-05-13,Bulgaria,BG,Republic of Bulgaria,-3,3,10,https://github.com/dr-prodigy/python-holidays
2020-05-24,Ден на българската просвета и култура и на славянската писменост,2020-05-31,Bulgaria,BG,Republic of Bulgaria,-3,3,10,https://github.com/dr-prodigy/python-holidays
2020-09-06,Ден на Съединението,2020-09-13,Bulgaria,BG,Republic of Bulgaria,-3,3,10,https://github.com/dr-prodigy/python-holidays
2020-09-22,Ден на Независимостта на България,2020-09-29,Bulgaria,BG,Republic of Bulgaria,-3,3,10,https://github.com/dr-prodigy/python-holidays
2020-11-01,Ден на народните будители,2020-11-08,Bulgaria,BG,Republic of Bulgaria,-3,3,10,https://github.com/dr-prodigy/python-holidays
2020-12-24,Бъдни вечер,2020-12-31,Bulgaria,BG,Republic of Bulgaria,-3,3,10,https://github.com/dr-prodigy/python-holidays
2020-12-25,Рождество Христово,2021-01-01,Bulgaria,BG,Republic of Bulgaria,-3,3,10,https://github.com/dr-prodigy/python-holidays
2020-12-26,Рождество Христово,2021-01-02,Bulgaria,BG,Republic of Bulgaria,-3,3,10,https://github.com/dr-prodigy/python-holidays
2020-04-17,Велики петък,2020-04-24,Bulgaria,BG,Republic of Bulgaria,-3,3,10,https://github.com/dr-prodigy/python-holidays
2020-04-18,Велика събота,2020-04-25,Bulgaria,BG,Republic of Bulgaria,-3,3,10,https://github.com/dr-prodigy/python-holidays
2020-04-19,Великден,2020-04-26,Bulgaria,BG,Republic of Bulgaria,-3,3,10,https://github.com/dr-prodigy/python-holidays
2020-04-21,Tiradentes,2020-04-28,Brazil,BR,Federative Republic of Brazil,-3,3,10,https://github.com/dr-prodigy/python-holidays
2020-05-01,Worker's Day,2020-05-08,Brazil,BR,Federative Republic of Brazil,-3,3,10,https://github.com/dr-prodigy/python-holidays
2020-09-07,Independence Day,2020-09-14,Brazil,BR,Federative Republic of Brazil,-3,3,10,https://github.com/dr-prodigy/python-holidays
2020-10-12,Our Lady of the Apparition,2020-10-19,Brazil,BR,Federative Republic of Brazil,-3,3,10,https://github.com/dr-prodigy/python-holidays
2020-11-02,All Souls' Day,2020-11-09,Brazil,BR,Federative Republic of Brazil,-3,3,10,https://github.com/dr-prodigy/python-holidays
2020-11-15,Republic Proclamation Day,2020-11-22,Brazil,BR,Federative Republic of Brazil,-3,3,10,https://github.com/dr-prodigy/python-holidays
2020-12-25,Christmas,2021-01-01,Brazil,BR,Federative Republic of Brazil,-3,3,10,https://github.com/dr-prodigy/python-holidays
2020-03-08,День женщин,2020-03-15,Belarus,BY,Republic of Belarus,-3,3,10,https://github.com/dr-prodigy/python-holidays
2020-04-28,Радуница,2020-05-05,Belarus,BY,Republic of Belarus,-3,3,10,https://github.com/dr-prodigy/python-holidays
2020-05-01,Праздник труда,2020-05-08,Belarus,BY,Republic of Belarus,-3,3,10,https://github.com/dr-prodigy/python-holidays
2020-05-09,День Победы,2020-05-16,Belarus,BY,Republic of Belarus,-3,3,10,https://github.com/dr-prodigy/python-holidays
2020-07-03,День Независимости Республики Беларусь (День Республики),2020-07-10,Belarus,BY,Republic of Belarus,-3,3,10,https://github.com/dr-prodigy/python-holidays
2020-11-07,День Октябрьской революции,2020-11-14,Belarus,BY,Republic of Belarus,-3,3,10,https://github.com/dr-prodigy/python-holidays
2020-12-25,Рождество Христово (католическое Рождество),2021-01-01,Belarus,BY,Republic of Belarus,-3,3,10,https://github.com/dr-prodigy/python-holidays
2020-02-17,Family Day,2020-02-24,Canada,CA,Canada,-3,3,10,https://github.com/dr-prodigy/python-holidays
2020-04-10,Good Friday,2020-04-17,Canada,CA,Canada,-3,3,10,https://github.com/dr-prodigy/python-holidays
2020-05-18,Victoria Day,2020-05-25,Canada,CA,Canada,-3,3,10,https://github.com/dr-prodigy/python-holidays
2020-07-01,Canada Day,2020-07-08,Canada,CA,Canada,-3,3,10,https://github.com/dr-prodigy/python-holidays
2020-08-03,Civic Holiday,2020-08-10,Canada,CA,Canada,-3,3,10,https://github.com/dr-prodigy/python-holidays
2020-09-07,Labour Day,2020-09-14,Canada,CA,Canada,-3,3,10,https://github.com/dr-prodigy/python-holidays
2020-10-12,Thanksgiving,2020-10-19,Canada,CA,Canada,-3,3,10,https://github.com/dr-prodigy/python-holidays
2020-12-25,Christmas Day,2021-01-01,Canada,CA,Canada,-3,3,10,https://github.com/dr-prodigy/python-holidays
2020-12-28,Boxing Day (Observed),2021-01-04,Canada,CA,Canada,-3,3,10,https://github.com/dr-prodigy/python-holidays
2020-04-12,Ostern,2020-04-19,Switzerland,CH,Swiss Confederation,-3,3,10,https://github.com/dr-prodigy/python-holidays
2020-04-10,Karfreitag,2020-04-17,Switzerland,CH,Swiss Confederation,-3,3,10,https://github.com/dr-prodigy/python-holidays
2020-04-13,Ostermontag,2020-04-20,Switzerland,CH,Swiss Confederation,-3,3,10,https://github.com/dr-prodigy/python-holidays
2020-05-21,Auffahrt,2020-05-28,Switzerland,CH,Swiss Confederation,-3,3,10,https://github.com/dr-prodigy/python-holidays
2020-05-31,Pfingsten,2020-06-07,Switzerland,CH,Swiss Confederation,-3,3,10,https://github.com/dr-prodigy/python-holidays
2020-06-01,Pfingstmontag,2020-06-08,Switzerland,CH,Swiss Confederation,-3,3,10,https://github.com/dr-prodigy/python-holidays
2020-08-01,Nationalfeiertag,2020-08-08,Switzerland,CH,Swiss Confederation,-3,3,10,https://github.com/dr-prodigy/python-holidays
2020-12-25,Weihnachten,2021-01-01,Switzerland,CH,Swiss Confederation,-3,3,10,https://github.com/dr-prodigy/python-holidays
2020-04-10,Semana Santa (Viernes Santo)  [Holy day (Holy Friday)],2020-04-17,Chile,CL,Republic of Chile,-3,3,10,https://github.com/dr-prodigy/python-holidays
2020-04-12,Día de Pascuas [Easter Day],2020-04-19,Chile,CL,Republic of Chile,-3,3,10,https://github.com/dr-prodigy/python-holidays
2020-05-01,Día del Trabajo [Labour Day],2020-05-08,Chile,CL,Republic of Chile,-3,3,10,https://github.com/dr-prodigy/python-holidays
2020-05-21,Día de las Glorias Navales [Naval Glories Day],2020-05-28,Chile,CL,Republic of Chile,-3,3,10,https://github.com/dr-prodigy/python-holidays
2020-06-29,San Pedro y San Pablo [Saint Peter and Saint Paul],2020-07-06,Chile,CL,Republic of Chile,-3,3,10,https://github.com/dr-prodigy/python-holidays
2020-07-16,Virgen del Carmen [Virgin of Carmen],2020-07-23,Chile,CL,Republic of Chile,-3,3,10,https://github.com/dr-prodigy/python-holidays
2020-08-15,Asunsión de la Virgen [Assumption of the Virgin],2020-08-22,Chile,CL,Republic of Chile,-3,3,10,https://github.com/dr-prodigy/python-holidays
2020-09-18,Día de la Independencia [Independence Day],2020-09-25,Chile,CL,Republic of Chile,-3,3,10,https://github.com/dr-prodigy/python-holidays
2020-09-19,Día de las Glorias del Ejército de Chile [Day of Glories of the Army of Chile],2020-09-26,Chile,CL,Republic of Chile,-3,3,10,https://github.com/dr-prodigy/python-holidays
2020-10-12,Día del Respeto a la Diversidad [Day of the Meeting  of Two Worlds],2020-10-19,Chile,CL,Republic of Chile,-3,3,10,https://github.com/dr-prodigy/python-holidays
2020-10-31,Día Nacional de las Iglesias Evangélicas y Protestantes  [National Day of the  Evangelical and  Protestant Churches],2020-11-07,Chile,CL,Republic of Chile,-3,3,10,https://github.com/dr-prodigy/python-holidays
2020-11-01,Día de Todos los Santos [All Saints Day],2020-11-08,Chile,CL,Republic of Chile,-3,3,10,https://github.com/dr-prodigy/python-holidays
2020-12-08,La Inmaculada Concepción [Immaculate Conception],2020-12-15,Chile,CL,Republic of Chile,-3,3,10,https://github.com/dr-prodigy/python-holidays
2020-12-25,Navidad [Christmas],2021-01-01,Chile,CL,Republic of Chile,-3,3,10,https://github.com/dr-prodigy/python-holidays
2020-01-25,Chinese New Year,2020-02-01,China,CN,People's Republic of China,-3,3,10,https://github.com/dr-prodigy/python-holidays
2020-04-04,Tomb-Sweeping Day,2020-04-11,China,CN,People's Republic of China,-3,3,10,https://github.com/dr-prodigy/python-holidays
2020-04-05,Tomb-Sweeping Day,2020-04-12,China,CN,People's Republic of China,-3,3,10,https://github.com/dr-prodigy/python-holidays
2020-05-01,Labor Day,2020-05-08,China,CN,People's Republic of China,-3,3,10,https://github.com/dr-prodigy/python-holidays
2020-06-25,Dragon Boat Festival,2020-07-02,China,CN,People's Republic of China,-3,3,10,https://github.com/dr-prodigy/python-holidays
2020-10-01,"National Day, Mid-Autumn Festival",2020-10-08,China,CN,People's Republic of China,-3,3,10,https://github.com/dr-prodigy/python-holidays
2020-05-01,Día del Trabajo [Labour Day],2020-05-08,Colombia,CO,Republic of Colombia,-3,3,10,https://github.com/dr-prodigy/python-holidays
2020-07-20,Día de la Independencia [Independence Day],2020-07-27,Colombia,CO,Republic of Colombia,-3,3,10,https://github.com/dr-prodigy/python-holidays
2020-08-07,Batalla de Boyacá [Battle of Boyacá],2020-08-14,Colombia,CO,Republic of Colombia,-3,3,10,https://github.com/dr-prodigy/python-holidays
2020-12-08,La Inmaculada Concepción [Immaculate Conception],2020-12-15,Colombia,CO,Republic of Colombia,-3,3,10,https://github.com/dr-prodigy/python-holidays
2020-12-25,Navidad [Christmas],2021-01-01,Colombia,CO,Republic of Colombia,-3,3,10,https://github.com/dr-prodigy/python-holidays
2020-03-23,Día de San José [Saint Joseph's Day](Observed),2020-03-30,Colombia,CO,Republic of Colombia,-3,3,10,https://github.com/dr-prodigy/python-holidays
2020-06-29,San Pedro y San Pablo [Saint Peter and Saint Paul],2020-07-06,Colombia,CO,Republic of Colombia,-3,3,10,https://github.com/dr-prodigy/python-holidays
2020-08-17,La Asunción [Assumption of Mary](Observed),2020-08-24,Colombia,CO,Republic of Colombia,-3,3,10,https://github.com/dr-prodigy/python-holidays
2020-10-12,Descubrimiento de América [Discovery of America],2020-10-19,Colombia,CO,Republic of Colombia,-3,3,10,https://github.com/dr-prodigy/python-holidays
2020-11-02,Dia de Todos los Santos [All Saint's Day](Observed),2020-11-09,Colombia,CO,Republic of Colombia,-3,3,10,https://github.com/dr-prodigy/python-holidays
2020-11-16,Independencia de Cartagena [Independence of Cartagena](Observed),2020-11-23,Colombia,CO,Republic of Colombia,-3,3,10,https://github.com/dr-prodigy/python-holidays
2020-04-09,Jueves Santo [Maundy Thursday],2020-04-16,Colombia,CO,Republic of Colombia,-3,3,10,https://github.com/dr-prodigy/python-holidays
2020-04-10,Viernes Santo [Good Friday],2020-04-17,Colombia,CO,Republic of Colombia,-3,3,10,https://github.com/dr-prodigy/python-holidays
2020-05-25,Ascensión del señor [Ascension of Jesus](Observed),2020-06-01,Colombia,CO,Republic of Colombia,-3,3,10,https://github.com/dr-prodigy/python-holidays
2020-06-15,Corpus Christi [Corpus Christi](Observed),2020-06-22,Colombia,CO,Republic of Colombia,-3,3,10,https://github.com/dr-prodigy/python-holidays
2020-06-22,Sagrado Corazón [Sacred Heart](Observed),2020-06-29,Colombia,CO,Republic of Colombia,-3,3,10,https://github.com/dr-prodigy/python-holidays
2020-04-10,Velký pátek,2020-04-17,Czechia,CZ,Czech Republic,-3,3,10,https://github.com/dr-prodigy/python-holidays
2020-04-13,Velikonoční pondělí,2020-04-20,Czechia,CZ,Czech Republic,-3,3,10,https://github.com/dr-prodigy/python-holidays
2020-05-01,Svátek práce,2020-05-08,Czechia,CZ,Czech Republic,-3,3,10,https://github.com/dr-prodigy/python-holidays
2020-05-08,Den vítězství,2020-05-15,Czechia,CZ,Czech Republic,-3,3,10,https://github.com/dr-prodigy/python-holidays
2020-07-05,Den slovanských věrozvěstů Cyrila a Metoděje,2020-07-12,Czechia,CZ,Czech Republic,-3,3,10,https://github.com/dr-prodigy/python-holidays
2020-07-06,Den upálení mistra Jana Husa,2020-07-13,Czechia,CZ,Czech Republic,-3,3,10,https://github.com/dr-prodigy/python-holidays
2020-09-28,Den české státnosti,2020-10-05,Czechia,CZ,Czech Republic,-3,3,10,https://github.com/dr-prodigy/python-holidays
2020-10-28,Den vzniku samostatného československého státu,2020-11-04,Czechia,CZ,Czech Republic,-3,3,10,https://github.com/dr-prodigy/python-holidays
2020-11-17,Den boje za svobodu a demokracii,2020-11-24,Czechia,CZ,Czech Republic,-3,3,10,https://github.com/dr-prodigy/python-holidays
2020-12-24,Štědrý den,2020-12-31,Czechia,CZ,Czech Republic,-3,3,10,https://github.com/dr-prodigy/python-holidays
2020-12-25,1. svátek vánoční,2021-01-01,Czechia,CZ,Czech Republic,-3,3,10,https://github.com/dr-prodigy/python-holidays
2020-12-26,2. svátek vánoční,2021-01-02,Czechia,CZ,Czech Republic,-3,3,10,https://github.com/dr-prodigy/python-holidays
2020-04-10,Karfreitag,2020-04-17,Germany,DE,Federal Republic of Germany,-3,3,10,https://github.com/dr-prodigy/python-holidays
2020-04-13,Ostermontag,2020-04-20,Germany,DE,Federal Republic of Germany,-3,3,10,https://github.com/dr-prodigy/python-holidays
2020-05-01,Erster Mai,2020-05-08,Germany,DE,Federal Republic of Germany,-3,3,10,https://github.com/dr-prodigy/python-holidays
2020-05-21,Christi Himmelfahrt,2020-05-28,Germany,DE,Federal Republic of Germany,-3,3,10,https://github.com/dr-prodigy/python-holidays
2020-06-01,Pfingstmontag,2020-06-08,Germany,DE,Federal Republic of Germany,-3,3,10,https://github.com/dr-prodigy/python-holidays
2020-10-03,Tag der Deutschen Einheit,2020-10-10,Germany,DE,Federal Republic of Germany,-3,3,10,https://github.com/dr-prodigy/python-holidays
2020-12-25,Erster Weihnachtstag,2021-01-01,Germany,DE,Federal Republic of Germany,-3,3,10,https://github.com/dr-prodigy/python-holidays
2020-12-26,Zweiter Weihnachtstag,2021-01-02,Germany,DE,Federal Republic of Germany,-3,3,10,https://github.com/dr-prodigy/python-holidays
2020-04-05,Palmesøndag,2020-04-12,Denmark,DK,Kingdom of Denmark,-3,3,10,https://github.com/dr-prodigy/python-holidays
2020-04-09,Skærtorsdag,2020-04-16,Denmark,DK,Kingdom of Denmark,-3,3,10,https://github.com/dr-prodigy/python-holidays
2020-04-10,Langfredag,2020-04-17,Denmark,DK,Kingdom of Denmark,-3,3,10,https://github.com/dr-prodigy/python-holidays
2020-04-12,Påskedag,2020-04-19,Denmark,DK,Kingdom of Denmark,-3,3,10,https://github.com/dr-prodigy/python-holidays
2020-04-13,Anden påskedag,2020-04-20,Denmark,DK,Kingdom of Denmark,-3,3,10,https://github.com/dr-prodigy/python-holidays
2020-05-08,Store bededag,2020-05-15,Denmark,DK,Kingdom of Denmark,-3,3,10,https://github.com/dr-prodigy/python-holidays
2020-05-21,Kristi himmelfartsdag,2020-05-28,Denmark,DK,Kingdom of Denmark,-3,3,10,https://github.com/dr-prodigy/python-holidays
2020-05-31,Pinsedag,2020-06-07,Denmark,DK,Kingdom of Denmark,-3,3,10,https://github.com/dr-prodigy/python-holidays
2020-06-01,Anden pinsedag,2020-06-08,Denmark,DK,Kingdom of Denmark,-3,3,10,https://github.com/dr-prodigy/python-holidays
2020-12-25,Juledag,2021-01-01,Denmark,DK,Kingdom of Denmark,-3,3,10,https://github.com/dr-prodigy/python-holidays
2020-12-26,Anden juledag,2021-01-02,Denmark,DK,Kingdom of Denmark,-3,3,10,https://github.com/dr-prodigy/python-holidays
2020-01-21,Día de la Altagracia [Lady of Altagracia],2020-01-28,Dominican Republic,DO,Dominican Republic,-3,3,10,https://github.com/dr-prodigy/python-holidays
2020-01-26,Día de Duarte [Juan Pablo Duarte Day],2020-02-02,Dominican Republic,DO,Dominican Republic,-3,3,10,https://github.com/dr-prodigy/python-holidays
2020-02-27,Día de Independencia [Independence Day],2020-03-05,Dominican Republic,DO,Dominican Republic,-3,3,10,https://github.com/dr-prodigy/python-holidays
2020-04-10,Viernes Santo [Good Friday],2020-04-17,Dominican Republic,DO,Dominican Republic,-3,3,10,https://github.com/dr-prodigy/python-holidays
2020-05-04,Día del Trabajo [Labor Day],2020-05-11,Dominican Republic,DO,Dominican Republic,-3,3,10,https://github.com/dr-prodigy/python-holidays
2020-06-11,Corpus Christi [Feast of Corpus Christi],2020-06-18,Dominican Republic,DO,Dominican Republic,-3,3,10,https://github.com/dr-prodigy/python-holidays
2020-08-16,Día de la Restauración [Restoration Day],2020-08-23,Dominican Republic,DO,Dominican Republic,-3,3,10,https://github.com/dr-prodigy/python-holidays
2020-09-24,Día de las Mercedes             [Our Lady of Mercedes Day],2020-10-01,Dominican Republic,DO,Dominican Republic,-3,3,10,https://github.com/dr-prodigy/python-holidays
2020-11-09,Día de la Constitución [Constitution Day],2020-11-16,Dominican Republic,DO,Dominican Republic,-3,3,10,https://github.com/dr-prodigy/python-holidays
2020-12-25,Día de Navidad [Christmas Day],2021-01-01,Dominican Republic,DO,Dominican Republic,-3,3,10,https://github.com/dr-prodigy/python-holidays
2020-02-24,iseseisvuspäev,2020-03-02,Estonia,EE,Republic of Estonia,-3,3,10,https://github.com/dr-prodigy/python-holidays
2020-04-10,suur reede,2020-04-17,Estonia,EE,Republic of Estonia,-3,3,10,https://github.com/dr-prodigy/python-holidays
2020-04-12,ülestõusmispühade 1. püha,2020-04-19,Estonia,EE,Republic of Estonia,-3,3,10,https://github.com/dr-prodigy/python-holidays
2020-05-01,kevadpüha,2020-05-08,Estonia,EE,Republic of Estonia,-3,3,10,https://github.com/dr-prodigy/python-holidays
2020-05-31,nelipühade 1. püha,2020-06-07,Estonia,EE,Republic of Estonia,-3,3,10,https://github.com/dr-prodigy/python-holidays
2020-06-23,võidupüha,2020-06-30,Estonia,EE,Republic of Estonia,-3,3,10,https://github.com/dr-prodigy/python-holidays
2020-06-24,jaanipäev,2020-07-01,Estonia,EE,Republic of Estonia,-3,3,10,https://github.com/dr-prodigy/python-holidays
2020-08-20,taasiseseisvumispäev,2020-08-27,Estonia,EE,Republic of Estonia,-3,3,10,https://github.com/dr-prodigy/python-holidays
2020-12-24,jõululaupäev,2020-12-31,Estonia,EE,Republic of Estonia,-3,3,10,https://github.com/dr-prodigy/python-holidays
2020-12-25,esimene jõulupüha,2021-01-01,Estonia,EE,Republic of Estonia,-3,3,10,https://github.com/dr-prodigy/python-holidays
2020-12-26,teine jõulupüha,2021-01-02,Estonia,EE,Republic of Estonia,-3,3,10,https://github.com/dr-prodigy/python-holidays
2020-05-01,Labor Day,2020-05-08,Egypt,EG,Arab Republic of Egypt,-3,3,10,https://github.com/dr-prodigy/python-holidays
2020-07-23,Sinai Liberation Day,2020-07-30,Egypt,EG,Arab Republic of Egypt,-3,3,10,https://github.com/dr-prodigy/python-holidays
2020-10-06,Armed Forces Day,2020-10-13,Egypt,EG,Arab Republic of Egypt,-3,3,10,https://github.com/dr-prodigy/python-holidays
2020-04-20,Sham El Nessim,2020-04-27,Egypt,EG,Arab Republic of Egypt,-3,3,10,https://github.com/dr-prodigy/python-holidays
2020-08-20,Islamic New Year,2020-08-27,Egypt,EG,Arab Republic of Egypt,-3,3,10,https://github.com/dr-prodigy/python-holidays
2020-10-29,Birth of Prophet,2020-11-05,Egypt,EG,Arab Republic of Egypt,-3,3,10,https://github.com/dr-prodigy/python-holidays
2020-05-24,Eid al-Fitr,2020-05-31,Egypt,EG,Arab Republic of Egypt,-3,3,10,https://github.com/dr-prodigy/python-holidays
2020-05-25,Eid al-Fitr,2020-06-01,Egypt,EG,Arab Republic of Egypt,-3,3,10,https://github.com/dr-prodigy/python-holidays
2020-05-26,Eid al-Fitr,2020-06-02,Egypt,EG,Arab Republic of Egypt,-3,3,10,https://github.com/dr-prodigy/python-holidays
2020-04-10,Viernes Santo,2020-04-17,Spain,ES,Kingdom of Spain,-3,3,10,https://github.com/dr-prodigy/python-holidays
2020-05-01,Día del Trabajador,2020-05-08,Spain,ES,Kingdom of Spain,-3,3,10,https://github.com/dr-prodigy/python-holidays
2020-08-15,Asunción de la Virgen,2020-08-22,Spain,ES,Kingdom of Spain,-3,3,10,https://github.com/dr-prodigy/python-holidays
2020-10-12,Día de la Hispanidad,2020-10-19,Spain,ES,Kingdom of Spain,-3,3,10,https://github.com/dr-prodigy/python-holidays
2020-11-01,Todos los Santos,2020-11-08,Spain,ES,Kingdom of Spain,-3,3,10,https://github.com/dr-prodigy/python-holidays
2020-12-06,Día de la constitución Española,2020-12-13,Spain,ES,Kingdom of Spain,-3,3,10,https://github.com/dr-prodigy/python-holidays
2020-12-08,La Inmaculada Concepción,2020-12-15,Spain,ES,Kingdom of Spain,-3,3,10,https://github.com/dr-prodigy/python-holidays
2020-12-25,Navidad,2021-01-01,Spain,ES,Kingdom of Spain,-3,3,10,https://github.com/dr-prodigy/python-holidays
2020-04-10,Pitkäperjantai,2020-04-17,Finland,FI,Republic of Finland,-3,3,10,https://github.com/dr-prodigy/python-holidays
2020-04-12,Pääsiäispäivä,2020-04-19,Finland,FI,Republic of Finland,-3,3,10,https://github.com/dr-prodigy/python-holidays
2020-04-13,2. pääsiäispäivä,2020-04-20,Finland,FI,Republic of Finland,-3,3,10,https://github.com/dr-prodigy/python-holidays
2020-05-01,Vappu,2020-05-08,Finland,FI,Republic of Finland,-3,3,10,https://github.com/dr-prodigy/python-holidays
2020-05-21,Helatorstai,2020-05-28,Finland,FI,Republic of Finland,-3,3,10,https://github.com/dr-prodigy/python-holidays
2020-05-31,Helluntaipäivä,2020-06-07,Finland,FI,Republic of Finland,-3,3,10,https://github.com/dr-prodigy/python-holidays
2020-06-20,Juhannuspäivä,2020-06-27,Finland,FI,Republic of Finland,-3,3,10,https://github.com/dr-prodigy/python-holidays
2020-10-31,Pyhäinpäivä,2020-11-07,Finland,FI,Republic of Finland,-3,3,10,https://github.com/dr-prodigy/python-holidays
2020-12-06,Itsenäisyyspäivä,2020-12-13,Finland,FI,Republic of Finland,-3,3,10,https://github.com/dr-prodigy/python-holidays
2020-12-25,Joulupäivä,2021-01-01,Finland,FI,Republic of Finland,-3,3,10,https://github.com/dr-prodigy/python-holidays
2020-12-26,Tapaninpäivä,2021-01-02,Finland,FI,Republic of Finland,-3,3,10,https://github.com/dr-prodigy/python-holidays
2020-06-19,Juhannusaatto,2020-06-26,Finland,FI,Republic of Finland,-3,3,10,https://github.com/dr-prodigy/python-holidays
2020-12-24,Jouluaatto,2020-12-31,Finland,FI,Republic of Finland,-3,3,10,https://github.com/dr-prodigy/python-holidays
2020-05-01,Fête du Travail,2020-05-08,France,FR,French Republic,-3,3,10,https://github.com/dr-prodigy/python-holidays
2020-05-08,Armistice 1945,2020-05-15,France,FR,French Republic,-3,3,10,https://github.com/dr-prodigy/python-holidays
2020-07-14,Fête nationale,2020-07-21,France,FR,French Republic,-3,3,10,https://github.com/dr-prodigy/python-holidays
2020-11-11,Armistice 1918,2020-11-18,France,FR,French Republic,-3,3,10,https://github.com/dr-prodigy/python-holidays
2020-04-13,Lundi de Pâques,2020-04-20,France,FR,French Republic,-3,3,10,https://github.com/dr-prodigy/python-holidays
2020-06-01,Lundi de Pentecôte,2020-06-08,France,FR,French Republic,-3,3,10,https://github.com/dr-prodigy/python-holidays
2020-05-21,Ascension,2020-05-28,France,FR,French Republic,-3,3,10,https://github.com/dr-prodigy/python-holidays
2020-08-15,Assomption,2020-08-22,France,FR,French Republic,-3,3,10,https://github.com/dr-prodigy/python-holidays
2020-11-01,Toussaint,2020-11-08,France,FR,French Republic,-3,3,10,https://github.com/dr-prodigy/python-holidays
2020-12-25,Noël,2021-01-01,France,FR,French Republic,-3,3,10,https://github.com/dr-prodigy/python-holidays
2020-03-17,St. Patrick's Day [Northern Ireland],2020-03-24,United Kingdom,GB,United Kingdom of Great Britain and Northern Ireland,-3,3,10,https://github.com/dr-prodigy/python-holidays
2020-04-10,Good Friday,2020-04-17,United Kingdom,GB,United Kingdom of Great Britain and Northern Ireland,-3,3,10,https://github.com/dr-prodigy/python-holidays
2020-04-13,"Easter Monday [England, Wales, Northern Ireland]",2020-04-20,United Kingdom,GB,United Kingdom of Great Britain and Northern Ireland,-3,3,10,https://github.com/dr-prodigy/python-holidays
2020-05-08,May Day,2020-05-15,United Kingdom,GB,United Kingdom of Great Britain and Northern Ireland,-3,3,10,https://github.com/dr-prodigy/python-holidays
2020-05-25,Spring Bank Holiday,2020-06-01,United Kingdom,GB,United Kingdom of Great Britain and Northern Ireland,-3,3,10,https://github.com/dr-prodigy/python-holidays
2020-07-12,Battle of the Boyne [Northern Ireland],2020-07-19,United Kingdom,GB,United Kingdom of Great Britain and Northern Ireland,-3,3,10,https://github.com/dr-prodigy/python-holidays
2020-08-03,Summer Bank Holiday [Scotland],2020-08-10,United Kingdom,GB,United Kingdom of Great Britain and Northern Ireland,-3,3,10,https://github.com/dr-prodigy/python-holidays
2020-08-31,"Late Summer Bank Holiday [England, Wales, Northern Ireland]",2020-09-07,United Kingdom,GB,United Kingdom of Great Britain and Northern Ireland,-3,3,10,https://github.com/dr-prodigy/python-holidays
2020-11-30,St. Andrew's Day [Scotland],2020-12-07,United Kingdom,GB,United Kingdom of Great Britain and Northern Ireland,-3,3,10,https://github.com/dr-prodigy/python-holidays
2020-12-25,Christmas Day,2021-01-01,United Kingdom,GB,United Kingdom of Great Britain and Northern Ireland,-3,3,10,https://github.com/dr-prodigy/python-holidays
2020-12-26,Boxing Day,2021-01-02,United Kingdom,GB,United Kingdom of Great Britain and Northern Ireland,-3,3,10,https://github.com/dr-prodigy/python-holidays
2020-12-28,Boxing Day (Observed),2021-01-04,United Kingdom,GB,United Kingdom of Great Britain and Northern Ireland,-3,3,10,https://github.com/dr-prodigy/python-holidays
2020-03-02,Καθαρά Δευτέρα [Clean Monday],2020-03-09,Greece,GR,Hellenic Republic,-3,3,10,https://github.com/dr-prodigy/python-holidays
2020-03-25,Εικοστή Πέμπτη Μαρτίου [Independence Day],2020-04-01,Greece,GR,Hellenic Republic,-3,3,10,https://github.com/dr-prodigy/python-holidays
2020-04-20,Δευτέρα του Πάσχα [Easter Monday],2020-04-27,Greece,GR,Hellenic Republic,-3,3,10,https://github.com/dr-prodigy/python-holidays
2020-05-01,Εργατική Πρωτομαγιά [Labour day],2020-05-08,Greece,GR,Hellenic Republic,-3,3,10,https://github.com/dr-prodigy/python-holidays
2020-06-08,Δευτέρα του Αγίου Πνεύματος [Monday of the Holy Spirit],2020-06-15,Greece,GR,Hellenic Republic,-3,3,10,https://github.com/dr-prodigy/python-holidays
2020-08-15,Κοίμηση της Θεοτόκου [Assumption of Mary],2020-08-22,Greece,GR,Hellenic Republic,-3,3,10,https://github.com/dr-prodigy/python-holidays
2020-10-28,Ημέρα του Όχι [Ochi Day],2020-11-04,Greece,GR,Hellenic Republic,-3,3,10,https://github.com/dr-prodigy/python-holidays
2020-12-25,Χριστούγεννα [Christmas],2021-01-01,Greece,GR,Hellenic Republic,-3,3,10,https://github.com/dr-prodigy/python-holidays
2020-12-26,Επόμενη ημέρα των Χριστουγέννων [Day after Christmas],2021-01-02,Greece,GR,Hellenic Republic,-3,3,10,https://github.com/dr-prodigy/python-holidays
2020-02-03,Día de la virgen de Suyapa [Our Lady of Suyapa] (Observed),2020-02-10,Honduras,HN,Republic of Honduras,-3,3,10,https://github.com/dr-prodigy/python-holidays
2020-03-19,Día del Padre [Father's Day] (Observed),2020-03-26,Honduras,HN,Republic of Honduras,-3,3,10,https://github.com/dr-prodigy/python-holidays
2020-04-09,Jueves Santo [Maundy Thursday],2020-04-16,Honduras,HN,Republic of Honduras,-3,3,10,https://github.com/dr-prodigy/python-holidays
2020-04-10,Viernes Santo [Good Friday],2020-04-17,Honduras,HN,Republic of Honduras,-3,3,10,https://github.com/dr-prodigy/python-holidays
2020-04-11,Sábado de Gloria [Holy Saturday],2020-04-18,Honduras,HN,Republic of Honduras,-3,3,10,https://github.com/dr-prodigy/python-holidays
2020-04-12,Domingo de Resurrección [Easter Sunday],2020-04-19,Honduras,HN,Republic of Honduras,-3,3,10,https://github.com/dr-prodigy/python-holidays
2020-04-14,Día de las Américas [America Day],2020-04-21,Honduras,HN,Republic of Honduras,-3,3,10,https://github.com/dr-prodigy/python-holidays
2020-05-01,Día del Trabajo [Labour Day],2020-05-08,Honduras,HN,Republic of Honduras,-3,3,10,https://github.com/dr-prodigy/python-holidays
2020-05-10,Día de la madre [Mother's Day] (Observed),2020-05-17,Honduras,HN,Republic of Honduras,-3,3,10,https://github.com/dr-prodigy/python-holidays
2020-09-10,Día del niño [Children day] (Observed),2020-09-17,Honduras,HN,Republic of Honduras,-3,3,10,https://github.com/dr-prodigy/python-holidays
2020-09-15,Día de la Independencia [Independence Day],2020-09-22,Honduras,HN,Republic of Honduras,-3,3,10,https://github.com/dr-prodigy/python-holidays
2020-09-17,Día del Maestro [Teacher's day] (Observed),2020-09-24,Honduras,HN,Republic of Honduras,-3,3,10,https://github.com/dr-prodigy/python-holidays
2020-10-03,Semana Morazánica [Morazan Weekend],2020-10-10,Honduras,HN,Republic of Honduras,-3,3,10,https://github.com/dr-prodigy/python-holidays
2020-10-04,Semana Morazánica [Morazan Weekend],2020-10-11,Honduras,HN,Republic of Honduras,-3,3,10,https://github.com/dr-prodigy/python-holidays
2020-10-05,Semana Morazánica [Morazan Weekend],2020-10-12,Honduras,HN,Republic of Honduras,-3,3,10,https://github.com/dr-prodigy/python-holidays
2020-12-25,Navidad [Christmas],2021-01-01,Honduras,HN,Republic of Honduras,-3,3,10,https://github.com/dr-prodigy/python-holidays
2020-04-12,Uskrs,2020-04-19,Croatia,HR,Republic of Croatia,-3,3,10,https://github.com/dr-prodigy/python-holidays
2020-04-13,Uskrsni ponedjeljak,2020-04-20,Croatia,HR,Republic of Croatia,-3,3,10,https://github.com/dr-prodigy/python-holidays
2020-06-11,Tijelovo,2020-06-18,Croatia,HR,Republic of Croatia,-3,3,10,https://github.com/dr-prodigy/python-holidays
2020-05-01,Međunarodni praznik rada,2020-05-08,Croatia,HR,Republic of Croatia,-3,3,10,https://github.com/dr-prodigy/python-holidays
2020-06-22,Dan antifašističke borbe,2020-06-29,Croatia,HR,Republic of Croatia,-3,3,10,https://github.com/dr-prodigy/python-holidays
2020-06-25,Dan državnosti,2020-07-02,Croatia,HR,Republic of Croatia,-3,3,10,https://github.com/dr-prodigy/python-holidays
2020-08-05,Dan pobjede i domovinske zahvalnosti,2020-08-12,Croatia,HR,Republic of Croatia,-3,3,10,https://github.com/dr-prodigy/python-holidays
2020-08-15,Velika Gospa,2020-08-22,Croatia,HR,Republic of Croatia,-3,3,10,https://github.com/dr-prodigy/python-holidays
2020-10-08,Dan neovisnosti,2020-10-15,Croatia,HR,Republic of Croatia,-3,3,10,https://github.com/dr-prodigy/python-holidays
2020-11-01,Svi sveti,2020-11-08,Croatia,HR,Republic of Croatia,-3,3,10,https://github.com/dr-prodigy/python-holidays
2020-12-25,Božić,2021-01-01,Croatia,HR,Republic of Croatia,-3,3,10,https://github.com/dr-prodigy/python-holidays
2020-12-26,Sveti Stjepan,2021-01-02,Croatia,HR,Republic of Croatia,-3,3,10,https://github.com/dr-prodigy/python-holidays
2020-03-15,Nemzeti ünnep,2020-03-22,Hungary,HU,Hungary,-3,3,10,https://github.com/dr-prodigy/python-holidays
2020-04-10,Nagypéntek,2020-04-17,Hungary,HU,Hungary,-3,3,10,https://github.com/dr-prodigy/python-holidays
2020-04-12,Húsvét,2020-04-19,Hungary,HU,Hungary,-3,3,10,https://github.com/dr-prodigy/python-holidays
2020-04-13,Húsvét Hétfő,2020-04-20,Hungary,HU,Hungary,-3,3,10,https://github.com/dr-prodigy/python-holidays
2020-05-31,Pünkösd,2020-06-07,Hungary,HU,Hungary,-3,3,10,https://github.com/dr-prodigy/python-holidays
2020-06-01,Pünkösdhétfő,2020-06-08,Hungary,HU,Hungary,-3,3,10,https://github.com/dr-prodigy/python-holidays
2020-05-01,A Munka ünnepe,2020-05-08,Hungary,HU,Hungary,-3,3,10,https://github.com/dr-prodigy/python-holidays
2020-08-20,Az államalapítás ünnepe,2020-08-27,Hungary,HU,Hungary,-3,3,10,https://github.com/dr-prodigy/python-holidays
2020-08-21,Az államalapítás ünnepe utáni pihenőnap,2020-08-28,Hungary,HU,Hungary,-3,3,10,https://github.com/dr-prodigy/python-holidays
2020-10-23,Nemzeti ünnep,2020-10-30,Hungary,HU,Hungary,-3,3,10,https://github.com/dr-prodigy/python-holidays
2020-11-01,Mindenszentek,2020-11-08,Hungary,HU,Hungary,-3,3,10,https://github.com/dr-prodigy/python-holidays
2020-12-24,Szenteste,2020-12-31,Hungary,HU,Hungary,-3,3,10,https://github.com/dr-prodigy/python-holidays
2020-12-25,Karácsony,2021-01-01,Hungary,HU,Hungary,-3,3,10,https://github.com/dr-prodigy/python-holidays
2020-12-26,Karácsony másnapja,2021-01-02,Hungary,HU,Hungary,-3,3,10,https://github.com/dr-prodigy/python-holidays
2020-01-25,Chinese New Year,2020-02-01,Indonesia,ID,Republic of Indonesia,-3,3,10,https://github.com/dr-prodigy/python-holidays
2020-03-22,Ascension of the Prophet,2020-03-29,Indonesia,ID,Republic of Indonesia,-3,3,10,https://github.com/dr-prodigy/python-holidays
2020-05-01,Labor Day,2020-05-08,Indonesia,ID,Republic of Indonesia,-3,3,10,https://github.com/dr-prodigy/python-holidays
2020-05-21,Ascension of Jesus,2020-05-28,Indonesia,ID,Republic of Indonesia,-3,3,10,https://github.com/dr-prodigy/python-holidays
2020-05-07,Buddha's Birthday,2020-05-14,Indonesia,ID,Republic of Indonesia,-3,3,10,https://github.com/dr-prodigy/python-holidays
2020-06-01,Pancasila Day,2020-06-08,Indonesia,ID,Republic of Indonesia,-3,3,10,https://github.com/dr-prodigy/python-holidays
2020-05-25,Eid al-Fitr,2020-06-01,Indonesia,ID,Republic of Indonesia,-3,3,10,https://github.com/dr-prodigy/python-holidays
2020-08-17,Independence Day,2020-08-24,Indonesia,ID,Republic of Indonesia,-3,3,10,https://github.com/dr-prodigy/python-holidays
2020-08-20,Islamic New Year,2020-08-27,Indonesia,ID,Republic of Indonesia,-3,3,10,https://github.com/dr-prodigy/python-holidays
2020-10-29,Birth of the Prophet,2020-11-05,Indonesia,ID,Republic of Indonesia,-3,3,10,https://github.com/dr-prodigy/python-holidays
2020-12-25,Christmas,2021-01-01,Indonesia,ID,Republic of Indonesia,-3,3,10,https://github.com/dr-prodigy/python-holidays
2020-03-17,St. Patrick's Day,2020-03-24,Ireland,IE,Ireland,-3,3,10,https://github.com/dr-prodigy/python-holidays
2020-04-13,Easter Monday,2020-04-20,Ireland,IE,Ireland,-3,3,10,https://github.com/dr-prodigy/python-holidays
2020-05-04,May Day,2020-05-11,Ireland,IE,Ireland,-3,3,10,https://github.com/dr-prodigy/python-holidays
2020-06-01,June Bank Holiday,2020-06-08,Ireland,IE,Ireland,-3,3,10,https://github.com/dr-prodigy/python-holidays
2020-08-03,Summer Bank Holiday,2020-08-10,Ireland,IE,Ireland,-3,3,10,https://github.com/dr-prodigy/python-holidays
2020-10-26,October Bank Holiday,2020-11-02,Ireland,IE,Ireland,-3,3,10,https://github.com/dr-prodigy/python-holidays
2020-12-25,Christmas Day,2021-01-01,Ireland,IE,Ireland,-3,3,10,https://github.com/dr-prodigy/python-holidays
2020-12-26,Boxing Day,2021-01-02,Ireland,IE,Ireland,-3,3,10,https://github.com/dr-prodigy/python-holidays
2020-12-28,Boxing Day (Observed),2021-01-04,Ireland,IE,Ireland,-3,3,10,https://github.com/dr-prodigy/python-holidays
2020-04-08,Passover I - Eve,2020-04-15,Israel,IL,State of Israel,-3,3,10,https://github.com/dr-prodigy/python-holidays
2020-04-09,Passover I,2020-04-16,Israel,IL,State of Israel,-3,3,10,https://github.com/dr-prodigy/python-holidays
2020-04-10,Passover - Chol HaMoed,2020-04-17,Israel,IL,State of Israel,-3,3,10,https://github.com/dr-prodigy/python-holidays
2020-04-11,Passover - Chol HaMoed,2020-04-18,Israel,IL,State of Israel,-3,3,10,https://github.com/dr-prodigy/python-holidays
2020-04-12,Passover - Chol HaMoed,2020-04-19,Israel,IL,State of Israel,-3,3,10,https://github.com/dr-prodigy/python-holidays
2020-04-13,Passover - Chol HaMoed,2020-04-20,Israel,IL,State of Israel,-3,3,10,https://github.com/dr-prodigy/python-holidays
2020-04-14,Passover VII - Eve,2020-04-21,Israel,IL,State of Israel,-3,3,10,https://github.com/dr-prodigy/python-holidays
2020-04-15,Passover VII,2020-04-22,Israel,IL,State of Israel,-3,3,10,https://github.com/dr-prodigy/python-holidays
2020-04-28,Memorial Day,2020-05-05,Israel,IL,State of Israel,-3,3,10,https://github.com/dr-prodigy/python-holidays
2020-04-29,Independence Day,2020-05-06,Israel,IL,State of Israel,-3,3,10,https://github.com/dr-prodigy/python-holidays
2020-05-12,Lag B'Omer,2020-05-19,Israel,IL,State of Israel,-3,3,10,https://github.com/dr-prodigy/python-holidays
2020-05-28,Shavuot - Eve,2020-06-04,Israel,IL,State of Israel,-3,3,10,https://github.com/dr-prodigy/python-holidays
2020-05-29,Shavuot,2020-06-05,Israel,IL,State of Israel,-3,3,10,https://github.com/dr-prodigy/python-holidays
2020-09-18,Rosh Hashanah - Eve,2020-09-25,Israel,IL,State of Israel,-3,3,10,https://github.com/dr-prodigy/python-holidays
2020-09-19,Rosh Hashanah,2020-09-26,Israel,IL,State of Israel,-3,3,10,https://github.com/dr-prodigy/python-holidays
2020-09-20,Rosh Hashanah,2020-09-27,Israel,IL,State of Israel,-3,3,10,https://github.com/dr-prodigy/python-holidays
2020-09-27,Yom Kippur - Eve,2020-10-04,Israel,IL,State of Israel,-3,3,10,https://github.com/dr-prodigy/python-holidays
2020-09-28,Yom Kippur,2020-10-05,Israel,IL,State of Israel,-3,3,10,https://github.com/dr-prodigy/python-holidays
2020-10-02,Sukkot I - Eve,2020-10-09,Israel,IL,State of Israel,-3,3,10,https://github.com/dr-prodigy/python-holidays
2020-10-03,Sukkot I,2020-10-10,Israel,IL,State of Israel,-3,3,10,https://github.com/dr-prodigy/python-holidays
2020-10-04,Sukkot - Chol HaMoed,2020-10-11,Israel,IL,State of Israel,-3,3,10,https://github.com/dr-prodigy/python-holidays
2020-10-05,Sukkot - Chol HaMoed,2020-10-12,Israel,IL,State of Israel,-3,3,10,https://github.com/dr-prodigy/python-holidays
2020-10-06,Sukkot - Chol HaMoed,2020-10-13,Israel,IL,State of Israel,-3,3,10,https://github.com/dr-prodigy/python-holidays
2020-10-07,Sukkot - Chol HaMoed,2020-10-14,Israel,IL,State of Israel,-3,3,10,https://github.com/dr-prodigy/python-holidays
2020-10-08,Sukkot - Chol HaMoed,2020-10-15,Israel,IL,State of Israel,-3,3,10,https://github.com/dr-prodigy/python-holidays
2020-10-09,Sukkot VII - Eve,2020-10-16,Israel,IL,State of Israel,-3,3,10,https://github.com/dr-prodigy/python-holidays
2020-10-10,Sukkot VII,2020-10-17,Israel,IL,State of Israel,-3,3,10,https://github.com/dr-prodigy/python-holidays
2020-12-11,Hanukkah,2020-12-18,Israel,IL,State of Israel,-3,3,10,https://github.com/dr-prodigy/python-holidays
2020-12-12,Hanukkah,2020-12-19,Israel,IL,State of Israel,-3,3,10,https://github.com/dr-prodigy/python-holidays
2020-12-13,Hanukkah,2020-12-20,Israel,IL,State of Israel,-3,3,10,https://github.com/dr-prodigy/python-holidays
2020-12-14,Hanukkah,2020-12-21,Israel,IL,State of Israel,-3,3,10,https://github.com/dr-prodigy/python-holidays
2020-12-15,Hanukkah,2020-12-22,Israel,IL,State of Israel,-3,3,10,https://github.com/dr-prodigy/python-holidays
2020-12-16,Hanukkah,2020-12-23,Israel,IL,State of Israel,-3,3,10,https://github.com/dr-prodigy/python-holidays
2020-12-17,Hanukkah,2020-12-24,Israel,IL,State of Israel,-3,3,10,https://github.com/dr-prodigy/python-holidays
2020-12-18,Hanukkah,2020-12-25,Israel,IL,State of Israel,-3,3,10,https://github.com/dr-prodigy/python-holidays
2020-03-10,Purim,2020-03-17,Israel,IL,State of Israel,-3,3,10,https://github.com/dr-prodigy/python-holidays
2020-03-09,Purim - Eve,2020-03-16,Israel,IL,State of Israel,-3,3,10,https://github.com/dr-prodigy/python-holidays
2020-03-11,Shushan Purim,2020-03-18,Israel,IL,State of Israel,-3,3,10,https://github.com/dr-prodigy/python-holidays
2020-01-26,Republic Day,2020-02-02,India,IN,Republic of India,-3,3,10,https://github.com/dr-prodigy/python-holidays
2020-08-15,Independence Day,2020-08-22,India,IN,Republic of India,-3,3,10,https://github.com/dr-prodigy/python-holidays
2020-10-02,Gandhi Jayanti,2020-10-09,India,IN,Republic of India,-3,3,10,https://github.com/dr-prodigy/python-holidays
2020-11-14,Diwali,2020-11-21,India,IN,Republic of India,-3,3,10,https://github.com/dr-prodigy/python-holidays
2020-03-09,Holi,2020-03-16,India,IN,Republic of India,-3,3,10,https://github.com/dr-prodigy/python-holidays
2020-08-29,Day of Ashura,2020-09-05,India,IN,Republic of India,-3,3,10,https://github.com/dr-prodigy/python-holidays
2020-10-29,Mawlid,2020-11-05,India,IN,Republic of India,-3,3,10,https://github.com/dr-prodigy/python-holidays
2020-05-24,Eid al-Fitr,2020-05-31,India,IN,Republic of India,-3,3,10,https://github.com/dr-prodigy/python-holidays
2020-05-25,Eid al-Fitr,2020-06-01,India,IN,Republic of India,-3,3,10,https://github.com/dr-prodigy/python-holidays
2020-04-05,Palm Sunday,2020-04-12,India,IN,Republic of India,-3,3,10,https://github.com/dr-prodigy/python-holidays
2020-04-09,Maundy Thursday,2020-04-16,India,IN,Republic of India,-3,3,10,https://github.com/dr-prodigy/python-holidays
2020-04-10,Good Friday,2020-04-17,India,IN,Republic of India,-3,3,10,https://github.com/dr-prodigy/python-holidays
2020-04-12,Easter Sunday,2020-04-19,India,IN,Republic of India,-3,3,10,https://github.com/dr-prodigy/python-holidays
2020-05-31,Feast of Pentecost,2020-06-07,India,IN,Republic of India,-3,3,10,https://github.com/dr-prodigy/python-holidays
2020-09-05,Fest of St. Theresa of Calcutta,2020-09-12,India,IN,Republic of India,-3,3,10,https://github.com/dr-prodigy/python-holidays
2020-09-08,Feast of the Blessed Virgin,2020-09-15,India,IN,Republic of India,-3,3,10,https://github.com/dr-prodigy/python-holidays
2020-11-01,All Saints Day,2020-11-08,India,IN,Republic of India,-3,3,10,https://github.com/dr-prodigy/python-holidays
2020-11-02,All Souls Day,2020-11-09,India,IN,Republic of India,-3,3,10,https://github.com/dr-prodigy/python-holidays
2020-12-25,Christmas Day,2021-01-01,India,IN,Republic of India,-3,3,10,https://github.com/dr-prodigy/python-holidays
2020-12-26,Boxing Day,2021-01-02,India,IN,Republic of India,-3,3,10,https://github.com/dr-prodigy/python-holidays
2020-12-30,Feast of Holy Family,2021-01-06,India,IN,Republic of India,-3,3,10,https://github.com/dr-prodigy/python-holidays
2020-04-09,Skírdagur,2020-04-16,Iceland,IS,Republic of Iceland,-3,3,10,https://github.com/dr-prodigy/python-holidays
2020-04-10,Föstudagurinn langi,2020-04-17,Iceland,IS,Republic of Iceland,-3,3,10,https://github.com/dr-prodigy/python-holidays
2020-04-12,Páskadagur,2020-04-19,Iceland,IS,Republic of Iceland,-3,3,10,https://github.com/dr-prodigy/python-holidays
2020-04-13,Annar í páskum,2020-04-20,Iceland,IS,Republic of Iceland,-3,3,10,https://github.com/dr-prodigy/python-holidays
2020-04-23,Sumardagurinn fyrsti,2020-04-30,Iceland,IS,Republic of Iceland,-3,3,10,https://github.com/dr-prodigy/python-holidays
2020-05-01,Verkalýðsdagurinn,2020-05-08,Iceland,IS,Republic of Iceland,-3,3,10,https://github.com/dr-prodigy/python-holidays
2020-05-21,Uppstigningardagur,2020-05-28,Iceland,IS,Republic of Iceland,-3,3,10,https://github.com/dr-prodigy/python-holidays
2020-05-31,Hvítasunnudagur,2020-06-07,Iceland,IS,Republic of Iceland,-3,3,10,https://github.com/dr-prodigy/python-holidays
2020-06-01,Annar í hvítasunnu,2020-06-08,Iceland,IS,Republic of Iceland,-3,3,10,https://github.com/dr-prodigy/python-holidays
2020-06-17,Þjóðhátíðardagurinn,2020-06-24,Iceland,IS,Republic of Iceland,-3,3,10,https://github.com/dr-prodigy/python-holidays
2020-08-03,Frídagur verslunarmanna,2020-08-10,Iceland,IS,Republic of Iceland,-3,3,10,https://github.com/dr-prodigy/python-holidays
2020-12-24,Aðfangadagur,2020-12-31,Iceland,IS,Republic of Iceland,-3,3,10,https://github.com/dr-prodigy/python-holidays
2020-12-25,Jóladagur,2021-01-01,Iceland,IS,Republic of Iceland,-3,3,10,https://github.com/dr-prodigy/python-holidays
2020-12-26,Annar í jólum,2021-01-02,Iceland,IS,Republic of Iceland,-3,3,10,https://github.com/dr-prodigy/python-holidays
2020-12-31,Gamlársdagur,2021-01-07,Iceland,IS,Republic of Iceland,-3,3,10,https://github.com/dr-prodigy/python-holidays
2020-04-12,Pasqua di Resurrezione,2020-04-19,Italy,IT,Italian Republic,-3,3,10,https://github.com/dr-prodigy/python-holidays
2020-04-13,Lunedì dell'Angelo,2020-04-20,Italy,IT,Italian Republic,-3,3,10,https://github.com/dr-prodigy/python-holidays
2020-04-25,Festa della Liberazione,2020-05-02,Italy,IT,Italian Republic,-3,3,10,https://github.com/dr-prodigy/python-holidays
2020-05-01,Festa dei Lavoratori,2020-05-08,Italy,IT,Italian Republic,-3,3,10,https://github.com/dr-prodigy/python-holidays
2020-06-02,Festa della Repubblica,2020-06-09,Italy,IT,Italian Republic,-3,3,10,https://github.com/dr-prodigy/python-holidays
2020-08-15,Assunzione della Vergine,2020-08-22,Italy,IT,Italian Republic,-3,3,10,https://github.com/dr-prodigy/python-holidays
2020-11-01,Tutti i Santi,2020-11-08,Italy,IT,Italian Republic,-3,3,10,https://github.com/dr-prodigy/python-holidays
2020-12-08,Immacolata Concezione,2020-12-15,Italy,IT,Italian Republic,-3,3,10,https://github.com/dr-prodigy/python-holidays
2020-12-25,Natale,2021-01-01,Italy,IT,Italian Republic,-3,3,10,https://github.com/dr-prodigy/python-holidays
2020-12-26,Santo Stefano,2021-01-02,Italy,IT,Italian Republic,-3,3,10,https://github.com/dr-prodigy/python-holidays
2020-02-11,建国記念の日,2020-02-18,Japan,JP,Japan,-3,3,10,https://github.com/dr-prodigy/python-holidays
2020-02-23,天皇誕生日,2020-03-01,Japan,JP,Japan,-3,3,10,https://github.com/dr-prodigy/python-holidays
2020-03-20,春分の日,2020-03-27,Japan,JP,Japan,-3,3,10,https://github.com/dr-prodigy/python-holidays
2020-04-29,昭和の日,2020-05-06,Japan,JP,Japan,-3,3,10,https://github.com/dr-prodigy/python-holidays
2020-05-03,憲法記念日,2020-05-10,Japan,JP,Japan,-3,3,10,https://github.com/dr-prodigy/python-holidays
2020-05-04,みどりの日,2020-05-11,Japan,JP,Japan,-3,3,10,https://github.com/dr-prodigy/python-holidays
2020-05-05,こどもの日,2020-05-12,Japan,JP,Japan,-3,3,10,https://github.com/dr-prodigy/python-holidays
2020-07-23,海の日,2020-07-30,Japan,JP,Japan,-3,3,10,https://github.com/dr-prodigy/python-holidays
2020-08-10,山の日,2020-08-17,Japan,JP,Japan,-3,3,10,https://github.com/dr-prodigy/python-holidays
2020-09-21,敬老の日,2020-09-28,Japan,JP,Japan,-3,3,10,https://github.com/dr-prodigy/python-holidays
2020-09-22,秋分の日,2020-09-29,Japan,JP,Japan,-3,3,10,https://github.com/dr-prodigy/python-holidays
2020-07-24,体育の日,2020-07-31,Japan,JP,Japan,-3,3,10,https://github.com/dr-prodigy/python-holidays
2020-11-03,文化の日,2020-11-10,Japan,JP,Japan,-3,3,10,https://github.com/dr-prodigy/python-holidays
2020-11-23,勤労感謝の日,2020-11-30,Japan,JP,Japan,-3,3,10,https://github.com/dr-prodigy/python-holidays
2020-02-24,振替休日,2020-03-02,Japan,JP,Japan,-3,3,10,https://github.com/dr-prodigy/python-holidays
2020-05-06,振替休日,2020-05-13,Japan,JP,Japan,-3,3,10,https://github.com/dr-prodigy/python-holidays
2020-05-01,Labour Day,2020-05-08,Kenya,KE,Republic of Kenya,-3,3,10,https://github.com/dr-prodigy/python-holidays
2020-06-01,Madaraka Day,2020-06-08,Kenya,KE,Republic of Kenya,-3,3,10,https://github.com/dr-prodigy/python-holidays
2020-10-20,Mashujaa Day,2020-10-27,Kenya,KE,Republic of Kenya,-3,3,10,https://github.com/dr-prodigy/python-holidays
2020-12-12,Jamhuri (Independence) Day,2020-12-19,Kenya,KE,Republic of Kenya,-3,3,10,https://github.com/dr-prodigy/python-holidays
2020-12-25,Christmas Day,2021-01-01,Kenya,KE,Republic of Kenya,-3,3,10,https://github.com/dr-prodigy/python-holidays
2020-12-26,Boxing Day,2021-01-02,Kenya,KE,Republic of Kenya,-3,3,10,https://github.com/dr-prodigy/python-holidays
2020-04-10,Good Friday,2020-04-17,Kenya,KE,Republic of Kenya,-3,3,10,https://github.com/dr-prodigy/python-holidays
2020-04-13,Easter Monday,2020-04-20,Kenya,KE,Republic of Kenya,-3,3,10,https://github.com/dr-prodigy/python-holidays
2020-01-25,New Year's Day by the Lunar,2020-02-01,"Korea, Republic of",KR,"Korea, Republic of",-3,3,10,https://github.com/dr-prodigy/python-holidays
2020-03-01,Independence Movement Day,2020-03-08,"Korea, Republic of",KR,"Korea, Republic of",-3,3,10,https://github.com/dr-prodigy/python-holidays
2020-04-30,Buddha's Birthday,2020-05-07,"Korea, Republic of",KR,"Korea, Republic of",-3,3,10,https://github.com/dr-prodigy/python-holidays
2020-05-05,Children's Day,2020-05-12,"Korea, Republic of",KR,"Korea, Republic of",-3,3,10,https://github.com/dr-prodigy/python-holidays
2020-06-06,Memorial Day,2020-06-13,"Korea, Republic of",KR,"Korea, Republic of",-3,3,10,https://github.com/dr-prodigy/python-holidays
2020-08-15,Liberation Day,2020-08-22,"Korea, Republic of",KR,"Korea, Republic of",-3,3,10,https://github.com/dr-prodigy/python-holidays
2020-10-01,Chuseok,2020-10-08,"Korea, Republic of",KR,"Korea, Republic of",-3,3,10,https://github.com/dr-prodigy/python-holidays
2020-10-03,National Foundation Day,2020-10-10,"Korea, Republic of",KR,"Korea, Republic of",-3,3,10,https://github.com/dr-prodigy/python-holidays
2020-10-09,Hangeul Proclamation Day,2020-10-16,"Korea, Republic of",KR,"Korea, Republic of",-3,3,10,https://github.com/dr-prodigy/python-holidays
2020-12-25,Christmas Day,2021-01-01,"Korea, Republic of",KR,"Korea, Republic of",-3,3,10,https://github.com/dr-prodigy/python-holidays
2020-02-16,Lietuvos valstybės atkūrimo diena,2020-02-23,Lithuania,LT,Republic of Lithuania,-3,3,10,https://github.com/dr-prodigy/python-holidays
2020-03-11,Lietuvos nepriklausomybės atkūrimo diena,2020-03-18,Lithuania,LT,Republic of Lithuania,-3,3,10,https://github.com/dr-prodigy/python-holidays
2020-04-12,Velykos,2020-04-19,Lithuania,LT,Republic of Lithuania,-3,3,10,https://github.com/dr-prodigy/python-holidays
2020-04-13,Velykų antroji diena,2020-04-20,Lithuania,LT,Republic of Lithuania,-3,3,10,https://github.com/dr-prodigy/python-holidays
2020-05-01,Tarptautinė darbo diena,2020-05-08,Lithuania,LT,Republic of Lithuania,-3,3,10,https://github.com/dr-prodigy/python-holidays
2020-05-03,Motinos diena,2020-05-10,Lithuania,LT,Republic of Lithuania,-3,3,10,https://github.com/dr-prodigy/python-holidays
2020-06-07,Tėvo diena,2020-06-14,Lithuania,LT,Republic of Lithuania,-3,3,10,https://github.com/dr-prodigy/python-holidays
2020-06-24,"Joninės, Rasos",2020-07-01,Lithuania,LT,Republic of Lithuania,-3,3,10,https://github.com/dr-prodigy/python-holidays
2020-07-06,Valstybės (Lietuvos karaliaus Mindaugo karūnavimo) diena,2020-07-13,Lithuania,LT,Republic of Lithuania,-3,3,10,https://github.com/dr-prodigy/python-holidays
2020-08-15,Žolinė (Švč. Mergelės Marijos ėmimo į dangų diena),2020-08-22,Lithuania,LT,Republic of Lithuania,-3,3,10,https://github.com/dr-prodigy/python-holidays
2020-11-01,Visų šventųjų diena (Vėlinės),2020-11-08,Lithuania,LT,Republic of Lithuania,-3,3,10,https://github.com/dr-prodigy/python-holidays
2020-12-24,Šv. Kūčios,2020-12-31,Lithuania,LT,Republic of Lithuania,-3,3,10,https://github.com/dr-prodigy/python-holidays
2020-12-25,Šv. Kalėdų pirma diena,2021-01-01,Lithuania,LT,Republic of Lithuania,-3,3,10,https://github.com/dr-prodigy/python-holidays
2020-12-26,Šv. Kalėdų antra diena,2021-01-02,Lithuania,LT,Republic of Lithuania,-3,3,10,https://github.com/dr-prodigy/python-holidays
2020-04-13,Ouschterméindeg,2020-04-20,Luxembourg,LU,Grand Duchy of Luxembourg,-3,3,10,https://github.com/dr-prodigy/python-holidays
2020-05-01,Dag vun der Aarbecht,2020-05-08,Luxembourg,LU,Grand Duchy of Luxembourg,-3,3,10,https://github.com/dr-prodigy/python-holidays
2020-05-09,Europadag,2020-05-16,Luxembourg,LU,Grand Duchy of Luxembourg,-3,3,10,https://github.com/dr-prodigy/python-holidays
2020-05-21,Christi Himmelfaart,2020-05-28,Luxembourg,LU,Grand Duchy of Luxembourg,-3,3,10,https://github.com/dr-prodigy/python-holidays
2020-06-01,Péngschtméindeg,2020-06-08,Luxembourg,LU,Grand Duchy of Luxembourg,-3,3,10,https://github.com/dr-prodigy/python-holidays
2020-06-23,Nationalfeierdag,2020-06-30,Luxembourg,LU,Grand Duchy of Luxembourg,-3,3,10,https://github.com/dr-prodigy/python-holidays
2020-08-15,Léiffrawëschdag,2020-08-22,Luxembourg,LU,Grand Duchy of Luxembourg,-3,3,10,https://github.com/dr-prodigy/python-holidays
2020-11-01,Allerhellgen,2020-11-08,Luxembourg,LU,Grand Duchy of Luxembourg,-3,3,10,https://github.com/dr-prodigy/python-holidays
2020-12-25,Chrëschtdag,2021-01-01,Luxembourg,LU,Grand Duchy of Luxembourg,-3,3,10,https://github.com/dr-prodigy/python-holidays
2020-12-26,Stiefesdag,2021-01-02,Luxembourg,LU,Grand Duchy of Luxembourg,-3,3,10,https://github.com/dr-prodigy/python-holidays
2020-02-03,Día de la Constitución [Constitution Day],2020-02-10,Mexico,MX,United Mexican States,-3,3,10,https://github.com/dr-prodigy/python-holidays
2020-03-16,Natalicio de Benito Juárez [Benito Juárez's birthday],2020-03-23,Mexico,MX,United Mexican States,-3,3,10,https://github.com/dr-prodigy/python-holidays
2020-05-01,Día del Trabajo [Labour Day],2020-05-08,Mexico,MX,United Mexican States,-3,3,10,https://github.com/dr-prodigy/python-holidays
2020-09-16,Día de la Independencia [Independence Day],2020-09-23,Mexico,MX,United Mexican States,-3,3,10,https://github.com/dr-prodigy/python-holidays
2020-11-16,Día de la Revolución [Revolution Day],2020-11-23,Mexico,MX,United Mexican States,-3,3,10,https://github.com/dr-prodigy/python-holidays
2020-12-25,Navidad [Christmas],2021-01-01,Mexico,MX,United Mexican States,-3,3,10,https://github.com/dr-prodigy/python-holidays
2020-10-29,Birth of Prophet,2020-11-05,Malaysia,MY,Malaysia,-3,3,10,https://github.com/dr-prodigy/python-holidays
2020-01-25,Chinese New Year,2020-02-01,Malaysia,MY,Malaysia,-3,3,10,https://github.com/dr-prodigy/python-holidays
2020-04-14,Tamil New Year,2020-04-21,Malaysia,MY,Malaysia,-3,3,10,https://github.com/dr-prodigy/python-holidays
2020-04-10,Good Friday,2020-04-17,Malaysia,MY,Malaysia,-3,3,10,https://github.com/dr-prodigy/python-holidays
2020-05-01,Labor Day,2020-05-08,Malaysia,MY,Malaysia,-3,3,10,https://github.com/dr-prodigy/python-holidays
2020-05-07,Wesak Day,2020-05-14,Malaysia,MY,Malaysia,-3,3,10,https://github.com/dr-prodigy/python-holidays
2020-07-25,King's birthday,2020-08-01,Malaysia,MY,Malaysia,-3,3,10,https://github.com/dr-prodigy/python-holidays
2020-05-24,Eid al-Fitr,2020-05-31,Malaysia,MY,Malaysia,-3,3,10,https://github.com/dr-prodigy/python-holidays
2020-05-25,Eid al-Fitr,2020-06-01,Malaysia,MY,Malaysia,-3,3,10,https://github.com/dr-prodigy/python-holidays
2020-09-16,Malaysia Day,2020-09-23,Malaysia,MY,Malaysia,-3,3,10,https://github.com/dr-prodigy/python-holidays
2020-08-20,First Day of Muharram,2020-08-27,Malaysia,MY,Malaysia,-3,3,10,https://github.com/dr-prodigy/python-holidays
2020-12-25,Christmas Day,2021-01-01,Malaysia,MY,Malaysia,-3,3,10,https://github.com/dr-prodigy/python-holidays
2020-05-01,Worker's day,2020-05-08,Nigeria,NG,Federal Republic of Nigeria,-3,3,10,https://github.com/dr-prodigy/python-holidays
2020-05-27,Children's day,2020-06-03,Nigeria,NG,Federal Republic of Nigeria,-3,3,10,https://github.com/dr-prodigy/python-holidays
2020-06-12,Democracy day,2020-06-19,Nigeria,NG,Federal Republic of Nigeria,-3,3,10,https://github.com/dr-prodigy/python-holidays
2020-10-01,Independence day,2020-10-08,Nigeria,NG,Federal Republic of Nigeria,-3,3,10,https://github.com/dr-prodigy/python-holidays
2020-12-25,Christmas day,2021-01-01,Nigeria,NG,Federal Republic of Nigeria,-3,3,10,https://github.com/dr-prodigy/python-holidays
2020-12-26,Boxing day,2021-01-02,Nigeria,NG,Federal Republic of Nigeria,-3,3,10,https://github.com/dr-prodigy/python-holidays
2020-04-09,Jueves Santo [Maundy Thursday],2020-04-16,Nicaragua,NI,Republic of Nicaragua,-3,3,10,https://github.com/dr-prodigy/python-holidays
2020-04-10,Viernes Santo [Good Friday],2020-04-17,Nicaragua,NI,Republic of Nicaragua,-3,3,10,https://github.com/dr-prodigy/python-holidays
2020-05-01,Día del Trabajo [Labour Day],2020-05-08,Nicaragua,NI,Republic of Nicaragua,-3,3,10,https://github.com/dr-prodigy/python-holidays
2020-07-19,Día de la Revolución [Revolution Day],2020-07-26,Nicaragua,NI,Republic of Nicaragua,-3,3,10,https://github.com/dr-prodigy/python-holidays
2020-09-14,Batalla de San Jacinto [Battle of San Jacinto],2020-09-21,Nicaragua,NI,Republic of Nicaragua,-3,3,10,https://github.com/dr-prodigy/python-holidays
2020-09-15,Día de la Independencia [Independence Day],2020-09-22,Nicaragua,NI,Republic of Nicaragua,-3,3,10,https://github.com/dr-prodigy/python-holidays
2020-12-08,Concepción de María [Virgin's Day],2020-12-15,Nicaragua,NI,Republic of Nicaragua,-3,3,10,https://github.com/dr-prodigy/python-holidays
2020-12-25,Navidad [Christmas],2021-01-01,Nicaragua,NI,Republic of Nicaragua,-3,3,10,https://github.com/dr-prodigy/python-holidays
2020-08-01,Bajada de Santo Domingo,2020-08-08,Nicaragua,NI,Republic of Nicaragua,-3,3,10,https://github.com/dr-prodigy/python-holidays
2020-08-10,Subida de Santo Domingo,2020-08-17,Nicaragua,NI,Republic of Nicaragua,-3,3,10,https://github.com/dr-prodigy/python-holidays
2020-04-12,Eerste paasdag,2020-04-19,Netherlands,NL,Kingdom of the Netherlands,-3,3,10,https://github.com/dr-prodigy/python-holidays
2020-04-13,Tweede paasdag,2020-04-20,Netherlands,NL,Kingdom of the Netherlands,-3,3,10,https://github.com/dr-prodigy/python-holidays
2020-05-21,Hemelvaart,2020-05-28,Netherlands,NL,Kingdom of the Netherlands,-3,3,10,https://github.com/dr-prodigy/python-holidays
2020-05-31,Eerste Pinksterdag,2020-06-07,Netherlands,NL,Kingdom of the Netherlands,-3,3,10,https://github.com/dr-prodigy/python-holidays
2020-06-01,Tweede Pinksterdag,2020-06-08,Netherlands,NL,Kingdom of the Netherlands,-3,3,10,https://github.com/dr-prodigy/python-holidays
2020-12-25,Eerste Kerstdag,2021-01-01,Netherlands,NL,Kingdom of the Netherlands,-3,3,10,https://github.com/dr-prodigy/python-holidays
2020-12-26,Tweede Kerstdag,2021-01-02,Netherlands,NL,Kingdom of the Netherlands,-3,3,10,https://github.com/dr-prodigy/python-holidays
2020-05-05,Bevrijdingsdag,2020-05-12,Netherlands,NL,Kingdom of the Netherlands,-3,3,10,https://github.com/dr-prodigy/python-holidays
2020-04-27,Koningsdag,2020-05-04,Netherlands,NL,Kingdom of the Netherlands,-3,3,10,https://github.com/dr-prodigy/python-holidays
2020-04-12,"Første påskedag, Søndag",2020-04-19,Norway,NO,Kingdom of Norway,-3,3,10,https://github.com/dr-prodigy/python-holidays
2020-05-17,"Grunnlovsdag, Søndag",2020-05-24,Norway,NO,Kingdom of Norway,-3,3,10,https://github.com/dr-prodigy/python-holidays
2020-05-31,"Første pinsedag, Søndag",2020-06-07,Norway,NO,Kingdom of Norway,-3,3,10,https://github.com/dr-prodigy/python-holidays
2020-05-01,Arbeidernes dag,2020-05-08,Norway,NO,Kingdom of Norway,-3,3,10,https://github.com/dr-prodigy/python-holidays
2020-12-25,Første juledag,2021-01-01,Norway,NO,Kingdom of Norway,-3,3,10,https://github.com/dr-prodigy/python-holidays
2020-12-26,Andre juledag,2021-01-02,Norway,NO,Kingdom of Norway,-3,3,10,https://github.com/dr-prodigy/python-holidays
2020-04-09,Skjærtorsdag,2020-04-16,Norway,NO,Kingdom of Norway,-3,3,10,https://github.com/dr-prodigy/python-holidays
2020-04-10,Langfredag,2020-04-17,Norway,NO,Kingdom of Norway,-3,3,10,https://github.com/dr-prodigy/python-holidays
2020-04-13,Andre påskedag,2020-04-20,Norway,NO,Kingdom of Norway,-3,3,10,https://github.com/dr-prodigy/python-holidays
2020-05-21,Kristi himmelfartsdag,2020-05-28,Norway,NO,Kingdom of Norway,-3,3,10,https://github.com/dr-prodigy/python-holidays
2020-06-01,Andre pinsedag,2020-06-08,Norway,NO,Kingdom of Norway,-3,3,10,https://github.com/dr-prodigy/python-holidays
2020-02-06,Waitangi Day,2020-02-13,New Zealand,NZ,New Zealand,-3,3,10,https://github.com/dr-prodigy/python-holidays
2020-04-10,Good Friday,2020-04-17,New Zealand,NZ,New Zealand,-3,3,10,https://github.com/dr-prodigy/python-holidays
2020-04-13,Easter Monday,2020-04-20,New Zealand,NZ,New Zealand,-3,3,10,https://github.com/dr-prodigy/python-holidays
2020-04-25,Anzac Day,2020-05-02,New Zealand,NZ,New Zealand,-3,3,10,https://github.com/dr-prodigy/python-holidays
2020-04-27,Anzac Day (Observed),2020-05-04,New Zealand,NZ,New Zealand,-3,3,10,https://github.com/dr-prodigy/python-holidays
2020-06-01,Queen's Birthday,2020-06-08,New Zealand,NZ,New Zealand,-3,3,10,https://github.com/dr-prodigy/python-holidays
2020-10-26,Labour Day,2020-11-02,New Zealand,NZ,New Zealand,-3,3,10,https://github.com/dr-prodigy/python-holidays
2020-12-25,Christmas Day,2021-01-01,New Zealand,NZ,New Zealand,-3,3,10,https://github.com/dr-prodigy/python-holidays
2020-12-26,Boxing Day,2021-01-02,New Zealand,NZ,New Zealand,-3,3,10,https://github.com/dr-prodigy/python-holidays
2020-12-28,Boxing Day (Observed),2021-01-04,New Zealand,NZ,New Zealand,-3,3,10,https://github.com/dr-prodigy/python-holidays
2020-06-29,San Pedro y San Pablo [Feast of Saints Peter and Paul],2020-07-06,Peru,PE,Republic of Peru,-3,3,10,https://github.com/dr-prodigy/python-holidays
2020-07-28,Día de la Independencia [Independence Day],2020-08-04,Peru,PE,Republic of Peru,-3,3,10,https://github.com/dr-prodigy/python-holidays
2020-07-29,Día de las Fuerzas Armadas y la Policía del Perú,2020-08-05,Peru,PE,Republic of Peru,-3,3,10,https://github.com/dr-prodigy/python-holidays
2020-08-30,Día de Santa Rosa de Lima,2020-09-06,Peru,PE,Republic of Peru,-3,3,10,https://github.com/dr-prodigy/python-holidays
2020-10-08,Combate Naval de Angamos [Battle of Angamos],2020-10-15,Peru,PE,Republic of Peru,-3,3,10,https://github.com/dr-prodigy/python-holidays
2020-04-09,Jueves Santo [Maundy Thursday],2020-04-16,Peru,PE,Republic of Peru,-3,3,10,https://github.com/dr-prodigy/python-holidays
2020-04-10,Viernes Santo [Good Friday],2020-04-17,Peru,PE,Republic of Peru,-3,3,10,https://github.com/dr-prodigy/python-holidays
2020-04-11,Sábado de Gloria [Holy Saturday],2020-04-18,Peru,PE,Republic of Peru,-3,3,10,https://github.com/dr-prodigy/python-holidays
2020-04-12,Domingo de Resurrección [Easter Sunday],2020-04-19,Peru,PE,Republic of Peru,-3,3,10,https://github.com/dr-prodigy/python-holidays
2020-05-01,Día del Trabajo [Labour Day],2020-05-08,Peru,PE,Republic of Peru,-3,3,10,https://github.com/dr-prodigy/python-holidays
2020-11-01,Día de Todos Los Santos [All Saints Day],2020-11-08,Peru,PE,Republic of Peru,-3,3,10,https://github.com/dr-prodigy/python-holidays
2020-12-08,Inmaculada Concepción [Immaculate Conception],2020-12-15,Peru,PE,Republic of Peru,-3,3,10,https://github.com/dr-prodigy/python-holidays
2020-12-25,Navidad [Christmas],2021-01-01,Peru,PE,Republic of Peru,-3,3,10,https://github.com/dr-prodigy/python-holidays
2020-04-09,"Day of Valor, Maundy Thursday",2020-04-16,Philippines,PH,Republic of the Philippines,-3,3,10,https://github.com/dr-prodigy/python-holidays
2020-04-10,Good Friday,2020-04-17,Philippines,PH,Republic of the Philippines,-3,3,10,https://github.com/dr-prodigy/python-holidays
2020-05-01,Labor Day,2020-05-08,Philippines,PH,Republic of the Philippines,-3,3,10,https://github.com/dr-prodigy/python-holidays
2020-06-12,Independence Day,2020-06-19,Philippines,PH,Republic of the Philippines,-3,3,10,https://github.com/dr-prodigy/python-holidays
2020-05-23,Eid al-Fitr,2020-05-30,Philippines,PH,Republic of the Philippines,-3,3,10,https://github.com/dr-prodigy/python-holidays
2020-08-27,National Heroes' Day,2020-09-03,Philippines,PH,Republic of the Philippines,-3,3,10,https://github.com/dr-prodigy/python-holidays
2020-11-30,Bonifacio Day,2020-12-07,Philippines,PH,Republic of the Philippines,-3,3,10,https://github.com/dr-prodigy/python-holidays
2020-12-25,Christmas Day,2021-01-01,Philippines,PH,Republic of the Philippines,-3,3,10,https://github.com/dr-prodigy/python-holidays
2020-12-30,Rizal Day,2021-01-06,Philippines,PH,Republic of the Philippines,-3,3,10,https://github.com/dr-prodigy/python-holidays
2020-02-05,Kashmir Solidarity Day,2020-02-12,Pakistan,PK,Islamic Republic of Pakistan,-3,3,10,https://github.com/dr-prodigy/python-holidays
2020-03-23,Pakistan Day,2020-03-30,Pakistan,PK,Islamic Republic of Pakistan,-3,3,10,https://github.com/dr-prodigy/python-holidays
2020-05-01,Labor Day,2020-05-08,Pakistan,PK,Islamic Republic of Pakistan,-3,3,10,https://github.com/dr-prodigy/python-holidays
2020-08-14,Independence Day,2020-08-21,Pakistan,PK,Islamic Republic of Pakistan,-3,3,10,https://github.com/dr-prodigy/python-holidays
2020-11-09,Iqbal Day,2020-11-16,Pakistan,PK,Islamic Republic of Pakistan,-3,3,10,https://github.com/dr-prodigy/python-holidays
2020-12-25,Christmas Day,2021-01-01,Pakistan,PK,Islamic Republic of Pakistan,-3,3,10,https://github.com/dr-prodigy/python-holidays
2020-05-24,Eid al-Fitr,2020-05-31,Pakistan,PK,Islamic Republic of Pakistan,-3,3,10,https://github.com/dr-prodigy/python-holidays
2020-05-25,Eid al-Fitr,2020-06-01,Pakistan,PK,Islamic Republic of Pakistan,-3,3,10,https://github.com/dr-prodigy/python-holidays
2020-05-26,Eid al-Fitr,2020-06-02,Pakistan,PK,Islamic Republic of Pakistan,-3,3,10,https://github.com/dr-prodigy/python-holidays
2020-10-29,Mawlid,2020-11-05,Pakistan,PK,Islamic Republic of Pakistan,-3,3,10,https://github.com/dr-prodigy/python-holidays
2020-08-29,Day of Ashura,2020-09-05,Pakistan,PK,Islamic Republic of Pakistan,-3,3,10,https://github.com/dr-prodigy/python-holidays
2020-08-30,Day of Ashura,2020-09-06,Pakistan,PK,Islamic Republic of Pakistan,-3,3,10,https://github.com/dr-prodigy/python-holidays
2020-03-22,Shab e Mairaj,2020-03-29,Pakistan,PK,Islamic Republic of Pakistan,-3,3,10,https://github.com/dr-prodigy/python-holidays
2020-09-06,Defence Day,2020-09-13,Pakistan,PK,Islamic Republic of Pakistan,-3,3,10,https://github.com/dr-prodigy/python-holidays
2020-09-11,Death Anniversary of Quaid-e-Azam,2020-09-18,Pakistan,PK,Islamic Republic of Pakistan,-3,3,10,https://github.com/dr-prodigy/python-holidays
2020-04-12,Niedziela Wielkanocna,2020-04-19,Poland,PL,Republic of Poland,-3,3,10,https://github.com/dr-prodigy/python-holidays
2020-04-13,Poniedziałek Wielkanocny,2020-04-20,Poland,PL,Republic of Poland,-3,3,10,https://github.com/dr-prodigy/python-holidays
2020-05-01,Święto Państwowe,2020-05-08,Poland,PL,Republic of Poland,-3,3,10,https://github.com/dr-prodigy/python-holidays
2020-05-03,Święto Narodowe Trzeciego Maja,2020-05-10,Poland,PL,Republic of Poland,-3,3,10,https://github.com/dr-prodigy/python-holidays
2020-05-31,Zielone Świątki,2020-06-07,Poland,PL,Republic of Poland,-3,3,10,https://github.com/dr-prodigy/python-holidays
2020-06-11,Dzień Bożego Ciała,2020-06-18,Poland,PL,Republic of Poland,-3,3,10,https://github.com/dr-prodigy/python-holidays
2020-08-15,Wniebowzięcie Najświętszej Marii Panny,2020-08-22,Poland,PL,Republic of Poland,-3,3,10,https://github.com/dr-prodigy/python-holidays
2020-11-01,Uroczystość Wszystkich świętych,2020-11-08,Poland,PL,Republic of Poland,-3,3,10,https://github.com/dr-prodigy/python-holidays
2020-11-11,Narodowe Święto Niepodległości,2020-11-18,Poland,PL,Republic of Poland,-3,3,10,https://github.com/dr-prodigy/python-holidays
2020-12-25,Boże Narodzenie (pierwszy dzień),2021-01-01,Poland,PL,Republic of Poland,-3,3,10,https://github.com/dr-prodigy/python-holidays
2020-12-26,Boże Narodzenie (drugi dzień),2021-01-02,Poland,PL,Republic of Poland,-3,3,10,https://github.com/dr-prodigy/python-holidays
2020-04-10,Sexta-feira Santa,2020-04-17,Portugal,PT,Portuguese Republic,-3,3,10,https://github.com/dr-prodigy/python-holidays
2020-04-12,Páscoa,2020-04-19,Portugal,PT,Portuguese Republic,-3,3,10,https://github.com/dr-prodigy/python-holidays
2020-06-11,Corpo de Deus,2020-06-18,Portugal,PT,Portuguese Republic,-3,3,10,https://github.com/dr-prodigy/python-holidays
2020-10-05,Implantação da República,2020-10-12,Portugal,PT,Portuguese Republic,-3,3,10,https://github.com/dr-prodigy/python-holidays
2020-11-01,Dia de Todos os Santos,2020-11-08,Portugal,PT,Portuguese Republic,-3,3,10,https://github.com/dr-prodigy/python-holidays
2020-12-01,Restauração da Independência,2020-12-08,Portugal,PT,Portuguese Republic,-3,3,10,https://github.com/dr-prodigy/python-holidays
2020-04-25,Dia da Liberdade,2020-05-02,Portugal,PT,Portuguese Republic,-3,3,10,https://github.com/dr-prodigy/python-holidays
2020-05-01,Dia do Trabalhador,2020-05-08,Portugal,PT,Portuguese Republic,-3,3,10,https://github.com/dr-prodigy/python-holidays
2020-06-10,Dia de Portugal,2020-06-17,Portugal,PT,Portuguese Republic,-3,3,10,https://github.com/dr-prodigy/python-holidays
2020-08-15,Assunção de Nossa Senhora,2020-08-22,Portugal,PT,Portuguese Republic,-3,3,10,https://github.com/dr-prodigy/python-holidays
2020-12-08,Imaculada Conceição,2020-12-15,Portugal,PT,Portuguese Republic,-3,3,10,https://github.com/dr-prodigy/python-holidays
2020-12-25,Christmas Day,2021-01-01,Portugal,PT,Portuguese Republic,-3,3,10,https://github.com/dr-prodigy/python-holidays
2020-03-02,Día de los Héroes de la Patria[Patriots Day],2020-03-09,Paraguay,PY,Republic of Paraguay,-3,3,10,https://github.com/dr-prodigy/python-holidays
2020-04-09,Semana Santa (Jueves Santo)  [Holy day (Holy Thursday)],2020-04-16,Paraguay,PY,Republic of Paraguay,-3,3,10,https://github.com/dr-prodigy/python-holidays
2020-04-10,Semana Santa (Viernes Santo)  [Holy day (Holy Friday)],2020-04-17,Paraguay,PY,Republic of Paraguay,-3,3,10,https://github.com/dr-prodigy/python-holidays
2020-04-12,Día de Pascuas [Easter Day],2020-04-19,Paraguay,PY,Republic of Paraguay,-3,3,10,https://github.com/dr-prodigy/python-holidays
2020-05-01,Día de los Trabajadores [Labour Day],2020-05-08,Paraguay,PY,Republic of Paraguay,-3,3,10,https://github.com/dr-prodigy/python-holidays
2020-05-15,Día de la Independencia Nacional [Independence Day],2020-05-22,Paraguay,PY,Republic of Paraguay,-3,3,10,https://github.com/dr-prodigy/python-holidays
2020-06-15,Día de la Paz del Chaco [Peace in Chaco Day],2020-06-22,Paraguay,PY,Republic of Paraguay,-3,3,10,https://github.com/dr-prodigy/python-holidays
2020-08-15,Día de la Fundación de Asunción [Asuncion Fundation's Day],2020-08-22,Paraguay,PY,Republic of Paraguay,-3,3,10,https://github.com/dr-prodigy/python-holidays
2020-09-29,Batalla de Boquerón [Boqueron's Battle],2020-10-06,Paraguay,PY,Republic of Paraguay,-3,3,10,https://github.com/dr-prodigy/python-holidays
2020-12-08,Día de la Virgen de Caacupé [Caacupe Virgin Day],2020-12-15,Paraguay,PY,Republic of Paraguay,-3,3,10,https://github.com/dr-prodigy/python-holidays
2020-12-25,Navidad [Christmas],2021-01-01,Paraguay,PY,Republic of Paraguay,-3,3,10,https://github.com/dr-prodigy/python-holidays
2020-02-15,Дан државности Србије,2020-02-22,Serbia,RS,Republic of Serbia,-3,3,10,https://github.com/dr-prodigy/python-holidays
2020-02-16,Дан државности Србије,2020-02-23,Serbia,RS,Republic of Serbia,-3,3,10,https://github.com/dr-prodigy/python-holidays
2020-02-17,Дан државности Србије (Observed),2020-02-24,Serbia,RS,Republic of Serbia,-3,3,10,https://github.com/dr-prodigy/python-holidays
2020-05-01,Празник рада,2020-05-08,Serbia,RS,Republic of Serbia,-3,3,10,https://github.com/dr-prodigy/python-holidays
2020-05-02,Празник рада,2020-05-09,Serbia,RS,Republic of Serbia,-3,3,10,https://github.com/dr-prodigy/python-holidays
2020-11-11,Дан примирја у Првом светском рату,2020-11-18,Serbia,RS,Republic of Serbia,-3,3,10,https://github.com/dr-prodigy/python-holidays
2020-04-17,Велики петак,2020-04-24,Serbia,RS,Republic of Serbia,-3,3,10,https://github.com/dr-prodigy/python-holidays
2020-04-18,Велика субота,2020-04-25,Serbia,RS,Republic of Serbia,-3,3,10,https://github.com/dr-prodigy/python-holidays
2020-04-19,Васкрс,2020-04-26,Serbia,RS,Republic of Serbia,-3,3,10,https://github.com/dr-prodigy/python-holidays
2020-04-20,Други дан Васкрса,2020-04-27,Serbia,RS,Republic of Serbia,-3,3,10,https://github.com/dr-prodigy/python-holidays
2020-12-25,Christmas Day,2021-01-01,Russian Federation,RU,Russian Federation,-3,3,10,https://github.com/dr-prodigy/python-holidays
2020-02-23,Defender of the Fatherland Day,2020-03-01,Russian Federation,RU,Russian Federation,-3,3,10,https://github.com/dr-prodigy/python-holidays
2020-03-08,International Women's Day,2020-03-15,Russian Federation,RU,Russian Federation,-3,3,10,https://github.com/dr-prodigy/python-holidays
2020-08-22,National Flag Day,2020-08-29,Russian Federation,RU,Russian Federation,-3,3,10,https://github.com/dr-prodigy/python-holidays
2020-05-01,Spring and Labour Day,2020-05-08,Russian Federation,RU,Russian Federation,-3,3,10,https://github.com/dr-prodigy/python-holidays
2020-05-09,Victory Day,2020-05-16,Russian Federation,RU,Russian Federation,-3,3,10,https://github.com/dr-prodigy/python-holidays
2020-06-12,Russia Day,2020-06-19,Russian Federation,RU,Russian Federation,-3,3,10,https://github.com/dr-prodigy/python-holidays
2020-11-04,Unity Day,2020-11-11,Russian Federation,RU,Russian Federation,-3,3,10,https://github.com/dr-prodigy/python-holidays
2020-04-12,"Påskdagen, Söndag",2020-04-19,Sweden,SE,Kingdom of Sweden,-3,3,10,https://github.com/dr-prodigy/python-holidays
2020-05-31,"Pingstdagen, Söndag",2020-06-07,Sweden,SE,Kingdom of Sweden,-3,3,10,https://github.com/dr-prodigy/python-holidays
2020-05-01,Första maj,2020-05-08,Sweden,SE,Kingdom of Sweden,-3,3,10,https://github.com/dr-prodigy/python-holidays
2020-06-06,Sveriges nationaldag,2020-06-13,Sweden,SE,Kingdom of Sweden,-3,3,10,https://github.com/dr-prodigy/python-holidays
2020-12-24,Julafton,2020-12-31,Sweden,SE,Kingdom of Sweden,-3,3,10,https://github.com/dr-prodigy/python-holidays
2020-12-25,Juldagen,2021-01-01,Sweden,SE,Kingdom of Sweden,-3,3,10,https://github.com/dr-prodigy/python-holidays
2020-12-26,Annandag jul,2021-01-02,Sweden,SE,Kingdom of Sweden,-3,3,10,https://github.com/dr-prodigy/python-holidays
2020-12-31,Nyårsafton,2021-01-07,Sweden,SE,Kingdom of Sweden,-3,3,10,https://github.com/dr-prodigy/python-holidays
2020-04-10,Långfredagen,2020-04-17,Sweden,SE,Kingdom of Sweden,-3,3,10,https://github.com/dr-prodigy/python-holidays
2020-04-13,Annandag påsk,2020-04-20,Sweden,SE,Kingdom of Sweden,-3,3,10,https://github.com/dr-prodigy/python-holidays
2020-05-21,Kristi himmelsfärdsdag,2020-05-28,Sweden,SE,Kingdom of Sweden,-3,3,10,https://github.com/dr-prodigy/python-holidays
2020-06-19,Midsommarafton,2020-06-26,Sweden,SE,Kingdom of Sweden,-3,3,10,https://github.com/dr-prodigy/python-holidays
2020-06-20,Midsommardagen,2020-06-27,Sweden,SE,Kingdom of Sweden,-3,3,10,https://github.com/dr-prodigy/python-holidays
2020-10-31,Alla helgons dag,2020-11-07,Sweden,SE,Kingdom of Sweden,-3,3,10,https://github.com/dr-prodigy/python-holidays
2020-01-25,Chinese New Year,2020-02-01,Singapore,SG,Republic of Singapore,-3,3,10,https://github.com/dr-prodigy/python-holidays
2020-01-26,Chinese New Year [Sunday],2020-02-02,Singapore,SG,Republic of Singapore,-3,3,10,https://github.com/dr-prodigy/python-holidays
2020-01-27,Monday following Chinese New Year,2020-02-03,Singapore,SG,Republic of Singapore,-3,3,10,https://github.com/dr-prodigy/python-holidays
2020-05-24,Hari Raya Puasa [Sunday],2020-05-31,Singapore,SG,Republic of Singapore,-3,3,10,https://github.com/dr-prodigy/python-holidays
2020-05-25,Monday following Hari Raya Puasa,2020-06-01,Singapore,SG,Republic of Singapore,-3,3,10,https://github.com/dr-prodigy/python-holidays
2020-07-31,Hari Raya Haji,2020-08-07,Singapore,SG,Republic of Singapore,-3,3,10,https://github.com/dr-prodigy/python-holidays
2020-04-10,Good Friday,2020-04-17,Singapore,SG,Republic of Singapore,-3,3,10,https://github.com/dr-prodigy/python-holidays
2020-05-01,Labour Day,2020-05-08,Singapore,SG,Republic of Singapore,-3,3,10,https://github.com/dr-prodigy/python-holidays
2020-05-07,Vesak Day,2020-05-14,Singapore,SG,Republic of Singapore,-3,3,10,https://github.com/dr-prodigy/python-holidays
2020-08-09,National Day [Sunday],2020-08-16,Singapore,SG,Republic of Singapore,-3,3,10,https://github.com/dr-prodigy/python-holidays
2020-08-10,Monday following National Day,2020-08-17,Singapore,SG,Republic of Singapore,-3,3,10,https://github.com/dr-prodigy/python-holidays
2020-11-14,Deepavali,2020-11-21,Singapore,SG,Republic of Singapore,-3,3,10,https://github.com/dr-prodigy/python-holidays
2020-12-25,Christmas Day,2021-01-01,Singapore,SG,Republic of Singapore,-3,3,10,https://github.com/dr-prodigy/python-holidays
2020-02-08,Prešernov dan,2020-02-15,Slovenia,SI,Republic of Slovenia,-3,3,10,https://github.com/dr-prodigy/python-holidays
2020-04-13,Velikonočni ponedeljek,2020-04-20,Slovenia,SI,Republic of Slovenia,-3,3,10,https://github.com/dr-prodigy/python-holidays
2020-04-27,dan upora proti okupatorju,2020-05-04,Slovenia,SI,Republic of Slovenia,-3,3,10,https://github.com/dr-prodigy/python-holidays
2020-05-01,praznik dela,2020-05-08,Slovenia,SI,Republic of Slovenia,-3,3,10,https://github.com/dr-prodigy/python-holidays
2020-05-02,praznik dela,2020-05-09,Slovenia,SI,Republic of Slovenia,-3,3,10,https://github.com/dr-prodigy/python-holidays
2020-06-25,dan državnosti,2020-07-02,Slovenia,SI,Republic of Slovenia,-3,3,10,https://github.com/dr-prodigy/python-holidays
2020-08-15,Marijino vnebovzetje,2020-08-22,Slovenia,SI,Republic of Slovenia,-3,3,10,https://github.com/dr-prodigy/python-holidays
2020-10-31,dan reformacije,2020-11-07,Slovenia,SI,Republic of Slovenia,-3,3,10,https://github.com/dr-prodigy/python-holidays
2020-11-01,dan spomina na mrtve,2020-11-08,Slovenia,SI,Republic of Slovenia,-3,3,10,https://github.com/dr-prodigy/python-holidays
2020-12-25,Božič,2021-01-01,Slovenia,SI,Republic of Slovenia,-3,3,10,https://github.com/dr-prodigy/python-holidays
2020-12-26,dan samostojnosti in enotnosti,2021-01-02,Slovenia,SI,Republic of Slovenia,-3,3,10,https://github.com/dr-prodigy/python-holidays
2020-04-10,Veľký piatok,2020-04-17,Slovakia,SK,Slovak Republic,-3,3,10,https://github.com/dr-prodigy/python-holidays
2020-04-13,Veľkonočný pondelok,2020-04-20,Slovakia,SK,Slovak Republic,-3,3,10,https://github.com/dr-prodigy/python-holidays
2020-05-01,Sviatok práce,2020-05-08,Slovakia,SK,Slovak Republic,-3,3,10,https://github.com/dr-prodigy/python-holidays
2020-05-08,Deň víťazstva nad fašizmom,2020-05-15,Slovakia,SK,Slovak Republic,-3,3,10,https://github.com/dr-prodigy/python-holidays
2020-07-05,Sviatok svätého Cyrila a svätého Metoda,2020-07-12,Slovakia,SK,Slovak Republic,-3,3,10,https://github.com/dr-prodigy/python-holidays
2020-08-29,Výročie Slovenského národného povstania,2020-09-05,Slovakia,SK,Slovak Republic,-3,3,10,https://github.com/dr-prodigy/python-holidays
2020-09-01,Deň Ústavy Slovenskej republiky,2020-09-08,Slovakia,SK,Slovak Republic,-3,3,10,https://github.com/dr-prodigy/python-holidays
2020-09-15,Sedembolestná Panna Mária,2020-09-22,Slovakia,SK,Slovak Republic,-3,3,10,https://github.com/dr-prodigy/python-holidays
2020-11-01,Sviatok Všetkých svätých,2020-11-08,Slovakia,SK,Slovak Republic,-3,3,10,https://github.com/dr-prodigy/python-holidays
2020-11-17,Deň boja za slobodu a demokraciu,2020-11-24,Slovakia,SK,Slovak Republic,-3,3,10,https://github.com/dr-prodigy/python-holidays
2020-12-24,Štedrý deň,2020-12-31,Slovakia,SK,Slovak Republic,-3,3,10,https://github.com/dr-prodigy/python-holidays
2020-12-25,Prvý sviatok vianočný,2021-01-01,Slovakia,SK,Slovak Republic,-3,3,10,https://github.com/dr-prodigy/python-holidays
2020-12-26,Druhý sviatok vianočný,2021-01-02,Slovakia,SK,Slovak Republic,-3,3,10,https://github.com/dr-prodigy/python-holidays
2020-04-06,Chakri Memorial Day,2020-04-13,Thailand,TH,Kingdom of Thailand,-3,3,10,https://github.com/dr-prodigy/python-holidays
2020-04-14,Songkran Festival,2020-04-21,Thailand,TH,Kingdom of Thailand,-3,3,10,https://github.com/dr-prodigy/python-holidays
2020-05-07,Buddha's Birthday,2020-05-14,Thailand,TH,Kingdom of Thailand,-3,3,10,https://github.com/dr-prodigy/python-holidays
2020-07-28,King Maha Vajiralongkorn's Birthday,2020-08-04,Thailand,TH,Kingdom of Thailand,-3,3,10,https://github.com/dr-prodigy/python-holidays
2020-07-05,Asalha Puja,2020-07-12,Thailand,TH,Kingdom of Thailand,-3,3,10,https://github.com/dr-prodigy/python-holidays
2020-07-06,Beginning of Vassa,2020-07-13,Thailand,TH,Kingdom of Thailand,-3,3,10,https://github.com/dr-prodigy/python-holidays
2020-08-12,The Queen Sirikit's Birthday,2020-08-19,Thailand,TH,Kingdom of Thailand,-3,3,10,https://github.com/dr-prodigy/python-holidays
2020-10-13,Anniversary for the Death of King Bhumibol Adulyadej,2020-10-20,Thailand,TH,Kingdom of Thailand,-3,3,10,https://github.com/dr-prodigy/python-holidays
2020-10-23,King Chulalongkorn Day,2020-10-30,Thailand,TH,Kingdom of Thailand,-3,3,10,https://github.com/dr-prodigy/python-holidays
2020-12-05,King Bhumibol Adulyadej's Birthday Anniversary,2020-12-12,Thailand,TH,Kingdom of Thailand,-3,3,10,https://github.com/dr-prodigy/python-holidays
2020-12-10,Constitution Day,2020-12-17,Thailand,TH,Kingdom of Thailand,-3,3,10,https://github.com/dr-prodigy/python-holidays
2020-12-31,New Year's Eve,2021-01-07,Thailand,TH,Kingdom of Thailand,-3,3,10,https://github.com/dr-prodigy/python-holidays
2020-04-23,National Sovereignty and Children's Day	,2020-04-30,Turkey,TR,Republic of Turkey,-3,3,10,https://github.com/dr-prodigy/python-holidays
2020-05-01,Labor Day,2020-05-08,Turkey,TR,Republic of Turkey,-3,3,10,https://github.com/dr-prodigy/python-holidays
2020-05-19,"Commemoration of Atatürk, Youth and Sports Day",2020-05-26,Turkey,TR,Republic of Turkey,-3,3,10,https://github.com/dr-prodigy/python-holidays
2020-07-15,Democracy and National Unity Day,2020-07-22,Turkey,TR,Republic of Turkey,-3,3,10,https://github.com/dr-prodigy/python-holidays
2020-08-30,Victory Day,2020-09-06,Turkey,TR,Republic of Turkey,-3,3,10,https://github.com/dr-prodigy/python-holidays
2020-10-29,Republic Day,2020-11-05,Turkey,TR,Republic of Turkey,-3,3,10,https://github.com/dr-prodigy/python-holidays
2020-05-23,Eid al-Fitr,2020-05-30,Turkey,TR,Republic of Turkey,-3,3,10,https://github.com/dr-prodigy/python-holidays
2020-03-08,Міжнародний жіночий день,2020-03-15,Ukraine,UA,Ukraine,-3,3,10,https://github.com/dr-prodigy/python-holidays
2020-04-19,Пасха (Великдень),2020-04-26,Ukraine,UA,Ukraine,-3,3,10,https://github.com/dr-prodigy/python-holidays
2020-06-07,Трійця,2020-06-14,Ukraine,UA,Ukraine,-3,3,10,https://github.com/dr-prodigy/python-holidays
2020-05-01,День праці,2020-05-08,Ukraine,UA,Ukraine,-3,3,10,https://github.com/dr-prodigy/python-holidays
2020-05-09,День перемоги,2020-05-16,Ukraine,UA,Ukraine,-3,3,10,https://github.com/dr-prodigy/python-holidays
2020-06-28,День Конституції України,2020-07-05,Ukraine,UA,Ukraine,-3,3,10,https://github.com/dr-prodigy/python-holidays
2020-08-24,День незалежності України,2020-08-31,Ukraine,UA,Ukraine,-3,3,10,https://github.com/dr-prodigy/python-holidays
2020-10-14,День захисника України,2020-10-21,Ukraine,UA,Ukraine,-3,3,10,https://github.com/dr-prodigy/python-holidays
2020-12-25,Різдво Христове (католицьке),2021-01-01,Ukraine,UA,Ukraine,-3,3,10,https://github.com/dr-prodigy/python-holidays
2020-02-17,Washington's Birthday,2020-02-24,United States,US,United States of America,-3,3,10,https://github.com/dr-prodigy/python-holidays
2020-05-25,Memorial Day,2020-06-01,United States,US,United States of America,-3,3,10,https://github.com/dr-prodigy/python-holidays
2020-07-04,Independence Day,2020-07-11,United States,US,United States of America,-3,3,10,https://github.com/dr-prodigy/python-holidays
2020-07-03,Independence Day (Observed),2020-07-10,United States,US,United States of America,-3,3,10,https://github.com/dr-prodigy/python-holidays
2020-09-07,Labor Day,2020-09-14,United States,US,United States of America,-3,3,10,https://github.com/dr-prodigy/python-holidays
2020-10-12,Columbus Day,2020-10-19,United States,US,United States of America,-3,3,10,https://github.com/dr-prodigy/python-holidays
2020-11-11,Veterans Day,2020-11-18,United States,US,United States of America,-3,3,10,https://github.com/dr-prodigy/python-holidays
2020-11-26,Thanksgiving,2020-12-03,United States,US,United States of America,-3,3,10,https://github.com/dr-prodigy/python-holidays
2020-12-25,Christmas Day,2021-01-01,United States,US,United States of America,-3,3,10,https://github.com/dr-prodigy/python-holidays
2020-04-10,Good Friday,2020-04-17,South Africa,ZA,Republic of South Africa,-3,3,10,https://github.com/dr-prodigy/python-holidays
2020-04-13,Family Day,2020-04-20,South Africa,ZA,Republic of South Africa,-3,3,10,https://github.com/dr-prodigy/python-holidays
2020-12-16,Day of Reconciliation,2020-12-23,South Africa,ZA,Republic of South Africa,-3,3,10,https://github.com/dr-prodigy/python-holidays
2020-12-25,Christmas Day,2021-01-01,South Africa,ZA,Republic of South Africa,-3,3,10,https://github.com/dr-prodigy/python-holidays
2020-12-26,Day of Goodwill,2021-01-02,South Africa,ZA,Republic of South Africa,-3,3,10,https://github.com/dr-prodigy/python-holidays
2020-03-21,Human Rights Day,2020-03-28,South Africa,ZA,Republic of South Africa,-3,3,10,https://github.com/dr-prodigy/python-holidays
2020-04-27,Freedom Day,2020-05-04,South Africa,ZA,Republic of South Africa,-3,3,10,https://github.com/dr-prodigy/python-holidays
2020-05-01,Workers' Day,2020-05-08,South Africa,ZA,Republic of South Africa,-3,3,10,https://github.com/dr-prodigy/python-holidays
2020-06-16,Youth Day,2020-06-23,South Africa,ZA,Republic of South Africa,-3,3,10,https://github.com/dr-prodigy/python-holidays
2020-08-09,National Women's Day,2020-08-16,South Africa,ZA,Republic of South Africa,-3,3,10,https://github.com/dr-prodigy/python-holidays
2020-09-24,Heritage Day,2020-10-01,South Africa,ZA,Republic of South Africa,-3,3,10,https://github.com/dr-prodigy/python-holidays
2020-08-10,National Women's Day (Observed),2020-08-17,South Africa,ZA,Republic of South Africa,-3,3,10,https://github.com/dr-prodigy/python-holidays
2020-03-03,Mother's Day,2020-03-10,Georgia,GE,Georgia,-3,3,10,https://en.wikipedia.org/wiki/Public_holidays_in_Georgia_(country)
2020-03-08,International Women's Day,2020-03-15,Georgia,GE,Georgia,-3,3,10,https://en.wikipedia.org/wiki/Public_holidays_in_Georgia_(country)
2020-04-09,National Unity Day,2020-04-16,Georgia,GE,Georgia,-3,3,10,https://en.wikipedia.org/wiki/Public_holidays_in_Georgia_(country)
2020-04-20,"Eastern Orthodox Good Friday, Great Saturday, Easter Sunday and Easter Monday of Bright Week",2020-04-27,Georgia,GE,Georgia,-3,3,10,https://en.wikipedia.org/wiki/Public_holidays_in_Georgia_(country)
2020-05-09,"Day of Victory over Fascism, Europe Day",2020-05-16,Georgia,GE,Georgia,-3,3,10,https://en.wikipedia.org/wiki/Public_holidays_in_Georgia_(country)
2020-05-12,Saint Andrew the First-Called Day,2020-05-19,Georgia,GE,Georgia,-3,3,10,https://en.wikipedia.org/wiki/Public_holidays_in_Georgia_(country)
2020-05-26,Independence Day,2020-06-02,Georgia,GE,Georgia,-3,3,10,https://en.wikipedia.org/wiki/Public_holidays_in_Georgia_(country)
2020-08-28,Saint Mary's Day,2020-09-04,Georgia,GE,Georgia,-3,3,10,https://en.wikipedia.org/wiki/Public_holidays_in_Georgia_(country)
2020-10-14,Day of Svetitskhoveli Cathedral (in Mtskheta),2020-10-21,Georgia,GE,Georgia,-3,3,10,https://en.wikipedia.org/wiki/Public_holidays_in_Georgia_(country)
2020-11-23,Saint George's Day,2020-11-30,Georgia,GE,Georgia,-3,3,10,https://en.wikipedia.org/wiki/Public_holidays_in_Georgia_(country)
2020-04-10,Good Friday,2020-04-17,Latvia,LV,Republic of Latvia,-3,3,10,https://en.wikipedia.org/wiki/Public_holidays_in_Latvia
2020-04-13,Easter Monday,2020-04-20,Latvia,LV,Republic of Latvia,-3,3,10,https://en.wikipedia.org/wiki/Public_holidays_in_Latvia
2020-05-01,Labour Day,2020-05-08,Latvia,LV,Republic of Latvia,-3,3,10,https://en.wikipedia.org/wiki/Public_holidays_in_Latvia
2020-05-04,Restoration of Independence Day,2020-05-11,Latvia,LV,Republic of Latvia,-3,3,10,https://en.wikipedia.org/wiki/Public_holidays_in_Latvia
2020-06-23,Midsummer's Eve,2020-06-30,Latvia,LV,Republic of Latvia,-3,3,10,https://en.wikipedia.org/wiki/Public_holidays_in_Latvia
2020-06-24,Midsummer's Day,2020-07-01,Latvia,LV,Republic of Latvia,-3,3,10,https://en.wikipedia.org/wiki/Public_holidays_in_Latvia
2020-11-18,Proclamation Day of the Republic of Latvia,2020-11-25,Latvia,LV,Republic of Latvia,-3,3,10,https://en.wikipedia.org/wiki/Public_holidays_in_Latvia
2020-12-24,Christmas Eve,2020-12-31,Latvia,LV,Republic of Latvia,-3,3,10,https://en.wikipedia.org/wiki/Public_holidays_in_Latvia
2020-12-25,Christmas Day,2021-01-01,Latvia,LV,Republic of Latvia,-3,3,10,https://en.wikipedia.org/wiki/Public_holidays_in_Latvia
2020-12-26,Second Day of Christmas,2021-01-02,Latvia,LV,Republic of Latvia,-3,3,10,https://en.wikipedia.org/wiki/Public_holidays_in_Latvia
2020-12-31,New Year's Eve,2021-01-07,Latvia,LV,Republic of Latvia,-3,3,10,https://en.wikipedia.org/wiki/Public_holidays_in_Latvia
2020-01-24,Anniversary of the formation of the United Principalities,2020-01-31,Romania,RO,Romania,-3,3,10,https://en.wikipedia.org/wiki/Public_holidays_in_Romania
2020-04-17,Easter,2020-04-24,Romania,RO,Romania,-3,3,10,https://en.wikipedia.org/wiki/Public_holidays_in_Romania
2020-04-19,Easter,2020-04-26,Romania,RO,Romania,-3,3,10,https://en.wikipedia.org/wiki/Public_holidays_in_Romania
2020-04-20,Easter,2020-04-27,Romania,RO,Romania,-3,3,10,https://en.wikipedia.org/wiki/Public_holidays_in_Romania
2020-05-01,Labour Day,2020-05-08,Romania,RO,Romania,-3,3,10,https://en.wikipedia.org/wiki/Public_holidays_in_Romania
2020-06-01,Children's Day,2020-06-08,Romania,RO,Romania,-3,3,10,https://en.wikipedia.org/wiki/Public_holidays_in_Romania
2020-06-07,"Pentecost, Whit Monday",2020-06-14,Romania,RO,Romania,-3,3,10,https://en.wikipedia.org/wiki/Public_holidays_in_Romania
2020-06-08,"Pentecost, Whit Monday",2020-06-15,Romania,RO,Romania,-3,3,10,https://en.wikipedia.org/wiki/Public_holidays_in_Romania
2020-11-30,St. Andrew's Day,2020-12-07,Romania,RO,Romania,-3,3,10,https://en.wikipedia.org/wiki/Public_holidays_in_Romania
2020-12-01,National Day,2020-12-08,Romania,RO,Romania,-3,3,10,https://en.wikipedia.org/wiki/Public_holidays_in_Romania
2020-12-25,Christmas Day,2021-01-01,Romania,RO,Romania,-3,3,10,https://en.wikipedia.org/wiki/Public_holidays_in_Romania
2020-12-26,Christmas Day,2021-01-02,Romania,RO,Romania,-3,3,10,https://en.wikipedia.org/wiki/Public_holidays_in_Romania
2020-03-14,Summer Day,2020-03-21,Albania,AL,Republic of Albania,-3,3,10,https://en.wikipedia.org/wiki/Public_holidays_in_Albania
2020-03-22,Nowruz,2020-03-29,Albania,AL,Republic of Albania,-3,3,10,https://en.wikipedia.org/wiki/Public_holidays_in_Albania
2020-03-27,Catholic Easter,2020-04-03,Albania,AL,Republic of Albania,-3,3,10,https://en.wikipedia.org/wiki/Public_holidays_in_Albania
2020-03-28,Catholic Easter,2020-04-04,Albania,AL,Republic of Albania,-3,3,10,https://en.wikipedia.org/wiki/Public_holidays_in_Albania
2020-05-01,"Orthodox Easter, May Day",2020-05-08,Albania,AL,Republic of Albania,-3,3,10,https://en.wikipedia.org/wiki/Public_holidays_in_Albania
2020-05-02,Orthodox Easter,2020-05-09,Albania,AL,Republic of Albania,-3,3,10,https://en.wikipedia.org/wiki/Public_holidays_in_Albania
2020-07-05,Eid al-Fitr,2020-07-12,Albania,AL,Republic of Albania,-3,3,10,https://en.wikipedia.org/wiki/Public_holidays_in_Albania
2020-09-05,Mother Teresa Day,2020-09-12,Albania,AL,Republic of Albania,-3,3,10,https://en.wikipedia.org/wiki/Public_holidays_in_Albania
2020-09-12,Eid al-Adha,2020-09-19,Albania,AL,Republic of Albania,-3,3,10,https://en.wikipedia.org/wiki/Public_holidays_in_Albania
2020-11-28,Independence Day,2020-12-05,Albania,AL,Republic of Albania,-3,3,10,https://en.wikipedia.org/wiki/Public_holidays_in_Albania
2020-11-29,Liberation Day,2020-12-06,Albania,AL,Republic of Albania,-3,3,10,https://en.wikipedia.org/wiki/Public_holidays_in_Albania
2020-12-08,Youth Day,2020-12-15,Albania,AL,Republic of Albania,-3,3,10,https://en.wikipedia.org/wiki/Public_holidays_in_Albania
2020-12-25,Christmas Day,2021-01-01,Albania,AL,Republic of Albania,-3,3,10,https://en.wikipedia.org/wiki/Public_holidays_in_Albania
2020-03-02,Remembrance Day,2020-03-09,Moldova,MD,Republic of Moldova,-3,3,10,https://en.wikipedia.org/wiki/Public_holidays_in_Moldova
2020-03-08,International Women's Day,2020-03-15,Moldova,MD,Republic of Moldova,-3,3,10,https://en.wikipedia.org/wiki/Public_holidays_in_Moldova
2020-04-19,Orthodox Easter,2020-04-26,Moldova,MD,Republic of Moldova,-3,3,10,https://en.wikipedia.org/wiki/Public_holidays_in_Moldova
2020-04-20,Orthodox Easter,2020-04-27,Moldova,MD,Republic of Moldova,-3,3,10,https://en.wikipedia.org/wiki/Public_holidays_in_Moldova
2020-05-01,Labour Day,2020-05-08,Moldova,MD,Republic of Moldova,-3,3,10,https://en.wikipedia.org/wiki/Public_holidays_in_Moldova
2020-05-09,Victory Day and Commemoration of the Fallen Heroes for the Independence of the Fatherland,2020-05-16,Moldova,MD,Republic of Moldova,-3,3,10,https://en.wikipedia.org/wiki/Public_holidays_in_Moldova
2020-06-01,Children's Day,2020-06-08,Moldova,MD,Republic of Moldova,-3,3,10,https://en.wikipedia.org/wiki/Public_holidays_in_Moldova
2020-08-27,Independence Day,2020-09-03,Moldova,MD,Republic of Moldova,-3,3,10,https://en.wikipedia.org/wiki/Public_holidays_in_Moldova
2020-08-31,National Language Day,2020-09-07,Moldova,MD,Republic of Moldova,-3,3,10,https://en.wikipedia.org/wiki/Public_holidays_in_Moldova
2020-12-25,Christmas Day,2021-01-01,Moldova,MD,Republic of Moldova,-3,3,10,https://en.wikipedia.org/wiki/Public_holidays_in_Moldova